연,월,일,시,분,지역,송출내용,target
2022,1,1,18,13,광진구,[광진구청] 확진자발생 관내 동선알림. 홈페이지확인( han.gl/rvVRk )동시간대 이용자 검사바람 ▲18세이상 3개월경과자 3차접종 예약중 ☎450-7400,전염병
2022,1,5,18,15,광진구,[광진구청] 확진자발생 관내 동선알림. 홈페이지확인( han.gl/rvVRk )동시간대 이용자검사바람 ▲18세이상 3개월경과자 3차접종 예약중 ☎450-7400,전염병
2022,1,6,17,13,중랑구,[중랑구청] '21.12.22~12.30 경륜경정중랑지점(상봉동) 방문자께서는 가까운 선별진료소에서 코로나19 검사를 받으시기 바랍니다.(02-2094-0800),전염병
2022,1,7,15,5,서초구,"[서초구청] 1.1(토) 13시~23시, 1.3(월) 05시~07시 서초18번 마을버스 이용객중 유증상자는 코로나19 검사바랍니다. www.seocho.go.kr",전염병
2022,1,7,17,38,용산구,[용산구청] 21.12.30.(목).~22.1.2.(일) ‘집시바(구 오아시스)’ 방문자는 가까운 선별진료소에서 코로나19 검사 받으시기 바랍니다.,전염병
2022,1,8,17,16,광진구,[광진구청]재택치료자 가족 전용 무료 안심숙소 설치 ☎450-2802 ▲확진자발생 관내 동선알림. 홈페이지확인( han.gl/rvVRk )동시간대 이용자 검사바람,전염병
2022,1,10,9,46,용산구,[용산구청] 1.1.(토) ‘모여라바(보광로 116)’ 방문자는 가까운 선별진료소에서 코로나19 검사 받으시기 바랍니다.,전염병
2022,1,10,17,45,동대문구,"[동대문구청]한파로 인해 내일(1.11.)부터 보건소 선별진료소 운영시간이 평일 9시~20시, 주말 및 공휴일 9시~18시로 변경되오니 이용에 참고하시기 바랍니다",전염병
2022,1,12,10,11,용산구,[용산구청] 1.7.(금)~1.10.(월) ‘이클래스(우사단로14길 3)’ 방문자는 가까운 선별진료소에서 코로나19 검사 받으시기 바랍니다.,전염병
2022,1,12,15,59,강서구,"[강서구청] 1/12~14 강추위로 강서구보건소 선별진료소 운영시간 단축 9:00~17:30(소독11:30~13:30),마곡임시선별검사소 정상운영(10시~17시)",전염병
2022,1,12,18,36,광진구,[광진구청]재택치료자 가족 전용 무료 안심숙소 설치 ☎450-2802 ▲확진자발생 관내 동선알림. 홈페이지확인( han.gl/rvVRk )동시간대 이용자 검사바람,전염병
2022,1,13,14,38,강서구,"[강서구청] 1/12~14 강추위로 강서구보건소 선별진료소 운영시간 단축 9:00~17:30(소독11:30~13:30),마곡임시선별검사소 정상운영(10시~17시)",전염병
2022,1,14,14,23,강서구,"[강서구청] 1/12~14 강추위로 강서구보건소 선별진료소 운영시간 단축 9:00~17:30(소독11:30~13:30),마곡임시선별검사소 정상운영(10시~17시)",전염병
2022,1,15,20,28,광진구,[광진구청]재택치료자 가족 전용 무료 안심숙소 설치 ☎450-2802 ▲확진자발생 관내 동선알림. 홈페이지확인( han.gl/rvVRk )동시간대 이용자 검사바람,전염병
2022,1,19,18,26,동대문구,"[동대문구청]서울시광역선별진료소 확대에 따라 내일(1.20.)부터 보건소 선별진료소 운영시간이 평일·공휴일 9시~18시, 주말(토·일) 9시~13시로 변경됩니다",전염병
2022,1,19,18,34,광진구,[광진구청] 확진자발생 관내 동선알림. 홈페이지확인( han.gl/rvVRk )동시간대 이용자 검사바람 ▲18세이상 3개월경과자 3차접종 예약중 ☎450-7400,전염병
2022,1,20,9,32,양천구,[양천구청]양천구보건소 선별진료소 운영시간 조정 안내. 양천구청 홈페이지 참조  blog.naver.com/yangcheon2016/222626024322,전염병
2022,1,20,14,51,양천구,[양천구청]18세↑ 2차접종 후 3개월 경과자 3차접종 예약중(ncvr.kdca.go.kr),전염병
2022,1,20,16,0,중랑구,[중랑구청] 1.21.(금)부터 '중랑구보건소 선별진료소' 운영시간을 평일·공휴일 9시~18시/토요일 9시~13시/[일요일 미운영]으로 변경하여 운영합니다.,전염병
2022,1,20,16,1,중랑구,"[중랑구청] 1.21(금)부터 '면목역, 망우역, 망우리역사문화공원 임시선별검사소' 운영시간을 평일 9시~18시/토·일·공휴일 9시~13시로 변경하여 운영합니다.",전염병
2022,1,20,16,28,양천구,[양천구청]18세↑ 2차접종 후 3개월 경과자 3차접종 예약중(ncvr.kdca.go.kr) ☎ 1833-4461~2,전염병
2022,1,20,17,16,종로구,"[종로구청]종로구보건소 선별진료소는 1.20(목)부터 평일·공휴일 9~18시, 토요일 9~13시 운영, 일요일은 미운영합니다 https://han.gl/HzJnx",전염병
2022,1,21,9,10,중랑구,[중랑구청] 1.21.(금)부터 '중랑구보건소 선별진료소' 운영시간을 평일·공휴일 9시~18시/토요일 9시~13시/[일요일 미운영]으로 변경하여 운영합니다.,전염병
2022,1,21,9,12,중랑구,"[중랑구청] 1.21(금)부터 '면목역, 망우역, 망우리역사문화공원 임시선별검사소' 운영시간을 평일 9시~18시/토·일·공휴일 9시~13시로 변경하여 운영합니다.",전염병
2022,1,21,15,31,강서구,"[강서구청]선별진료소 운영시간 변경 1)보건소:평일9시~17시30분(소독11:30~13:30),토·공휴일9시~13시,일요일 미운영 2)마곡검사소:매일10시~17시",전염병
2022,1,21,19,5,광진구,[광진구청] 1/24(월)부터 선별진료소 운영시간변경▲보건소 (평일)9~18시 (토)9~13시 (일)미운영▲중곡지소 9~18시▲자양지소 9~13시☎450-7090,전염병
2022,1,22,17,11,광진구,[광진구청]1/24(월)부터코로나19검사소운영시간변경▲보건소(평일)9~18시(토)9~13시 (일)미운영▲중곡지소(평일)9~18시(토일)9~13시☎450-7090,전염병
2022,1,24,9,12,동작구,"[동작구청] 1/24(월)부터 보건소,동작구청,사당문화회관 선별진료(검사)소 운영시간이 변경됨을 알려드립니다. ※ 운영시간은 동작구청 홈페이지 참고.",전염병
2022,1,24,19,34,금천구,[금천구청] 오늘 17:36 독산동 181-134번지 정심빌라 붕괴 우려사고 발생. 산기슭 도로 전면 통제하오니 인근 지역 운행차량은 우회하여 주시기 바랍니다.,교통
2022,1,25,10,22,금천구,[금천구청]독산동 빌라 안전사고 관련 신기슭도로 부분 통제되어 금천08번 마을버스를 독산로(20미터도로) 방면으로 임시 우회하오니 이용에 참조하시기 바랍니다.,교통
2022,1,26,8,32,금천구,[금천구청] 독산동 빌라 안전사고 관련 균열 보수공사로 오늘 08시~17시 산기슭도로 및 독산동 181-134번지 앞 도로를 통제하오니 우회하여주시기 바랍니다.,교통
2022,1,26,18,4,금천구,"[금천구청] 독산동 빌라 안전사고 관련 철거공사 완료됨에 따라 18시부터 산기슭도로 및 독산동 181-134번지 앞 도로 통제를 해제하오니, 통행에 참조바랍니다.",교통
2022,1,26,18,13,금천구,"[금천구청] 독산동 빌라 안전사고 관련 철거공사 완료됨에 따라 18시부터 금천08번 마을버스 운행이 정상화됨을 안내드리오니, 이용에 불편 없으시기 바랍니다.",교통
2022,1,26,18,45,광진구,"[광진구청]설연휴(22.1.29.~2.2.) 선별진료소 운영안내 ▲광진구보건소, 중곡지소 정상운영(09시~18시)▲2.1.(화)설당일 14시~18시 단축운영",전염병
2022,1,27,8,15,금천구,[금천구청] 독산동 빌라 안전사고 관련 공사 잔재물 처리로 독산동 181-134번지 부근 도로를 8~12까지 부분운행(1차선통제)하오니 통행에 참조하시기바랍니다.,교통
2022,1,28,19,52,동작구,[동작구청] 설연휴 중 보건소·동작주차공원 선별검사는 정상운영합니다. 동작구청·사당문화회관은 1/30(일)~2/2(수) 미운영(동작구청 홈페이지 참조),전염병
2022,1,29,15,24,양천구,[양천구청]설 연휴 중 선별진료소 운영안내. 양천구청 네이버 블로그 참조 https://blog.naver.com/yangcheon2016/222626024322,전염병
2022,1,29,18,6,광진구,"[광진구청]설연휴(22.1.29.~2.2.) 선별진료소 운영안내 ▲광진구보건소, 중곡지소 정상운영(09시~18시)▲2.1.(화)설당일 14시~18시 단축운영",전염병
2022,1,30,9,48,동작구,[동작구청] 설연휴 중 보건소·동작주차공원 선별검사는 정상운영합니다. 동작구청·사당문화회관은 1/30(일)~2/2(수) 미운영(동작구청 홈페이지 참조),전염병
2022,2,2,18,14,광진구,[광진구청] 확진자발생 관내 동선알림. 홈페이지확인( han.gl/rvVRk )동시간대 이용자 검사바람 ▲18세이상 3개월경과자 3차접종 예약중 ☎450-7400,전염병
2022,2,3,17,40,강서구,"[강서구청]선별진료소 운영1)보건소:평일9시-17:30(점심소독),토공휴일9시-13시,일요일미운영 2)마곡임시:평일10시-17시,토공휴일10시-14시,일요일미운영",전염병
2022,2,4,17,53,동작구,[동작구청] 보건소 및 임시선별검사소 검사체계가 변경되었음을 알려드립니다. ※ 동작구청 홈페이지 참고 www.dongjak.go.kr,전염병
2022,2,5,18,30,광진구,[광진구청] 확진자발생 관내 동선알림. 홈페이지확인( han.gl/rvVRk )동시간대 이용자 검사바람 ▲18세이상 3개월경과자 3차접종 예약중 ☎450-7400,전염병
2022,2,8,12,35,관악구,[관악구청] 2.8.(화) 12시 이후 코로나-19 긴급방역 관계로 신림체육센터 임시선별검사소 운영 일시 중단 안내  ※ 자세한 내용은 관악구청 홈페이지 참고,전염병
2022,2,9,18,25,광진구,[광진구청] 확진자발생 관내 동선알림. 홈페이지확인( han.gl/rvVRk ) 및 증상있으면 검사바랍니다. ▲KF94 마스크 상시 착용 등 개인방역수칙 준수,전염병
2022,2,11,14,0,중랑구,"[중랑구청] 2.12.(토)부터 ‘망우저류조공원 임시선별검사소’ 운영이 중단되오니, 코로나19 PCR검사는 중랑구 보건소, 면목역, 망우역을 이용하시기 바랍니다.",전염병
2022,2,11,14,37,동작구,[동작구청] 보건소 선별진료소 운영이 2/13(일)부터 일요일에는 미운영됨을 알려드립니다. ※ 동작주차공원 코로나19검사소 (연중무휴) 13시~21시,전염병
2022,2,18,13,16,관악구,"[관악구청] 2/19(토)부터 신림체육센터 임시선별검사소 운영시간이 조정됨을 안내드립니다. ※자세한 내용은 홈페이지 참고(토요일:미운영, 일요일:13시~18시)",전염병
2022,2,21,14,16,강북구,"[강북구청]2.21(월)부터 시범공영주차장 임시선별검사소 운영시간이 조정됩니다.(평일:09시~18시,주말:09시~13시) ※ www.gangbuk.go.kr 참고",전염병
2022,2,26,18,1,노원구,[노원구청] 구청 정전으로 2.27(일) 당일에 한해 보건소 선별진료소와 구청 주차장 임시선별검사소 운영시간이 기존 9시~13시에서 14시~18시로 변경됩니다.,전염병
2022,3,4,13,6,성동구,[성동구청]오늘11:21경 성동구 성수동2가 269-57 공장 화재발생으로 교통정체 예상. 이 지역을 우회하여 주시고 인근 주민은 안전사고 발생에 유의 바랍니다.,교통
2022,3,4,17,4,노원구,"[노원구청] 서울시에서 운영해왔던 노원문화예술회관 선별검사소 운영이 3.4(금)부로 종료됩니다 노원구청, 구민의전당 선별검사소 토·일 9시~13시, 평일 정상운영",전염병
2022,3,4,18,41,강남구,[강남구청] 오늘 17:16경 개포동 구룡마을 및 인근 야산 화재 발생. 개포중학교 근처 대모산 입산객 및 인근 주민은 즉시 안전한 곳으로 대피하시기 바랍니다.,기타
2022,3,4,18,42,강남구,[강남구청] 구룡마을 인근 양재대로(개포동 146-1) 교통혼잡. 인근 차량은 우회해 주시기 바랍니다.,교통
2022,3,19,12,48,성동구,[성동구청] 오늘 11:25경 성동구 마장동 438(마장동먹자골목) 식당 화재 발생. 이 지역을 우회하여 주시고 인근 주민은 안전사고 발생에 유의 바랍니다.,기타
2022,4,4,20,36,성동구,"[성동구청]공0한(남),20세,172cm,90kg회색/검정 후드티, 검정색 바지, 회색운동화4/3(일)낮12시 실종,장애인주간보호센터02-2290-3141",기타
2022,4,8,11,0,중랑구,"[중랑구청] 4.11(월)부터 보건소 및 임시선별검사소의 신속항원검사와 자가진단키트 배부가 중단되오니 신속항원검사는 호흡기전담클리닉, 지정의료기관에 방문 바랍니다",전염병
2022,4,8,11,26,양천구,[양천구청] 2022.4.11(월)부터 임시선별검사소의 신속항원검사가 중단되고 PCR검사만 가능합니다.,전염병
2022,4,8,11,39,동작구,"[동작구청] 4.11.(월)부터 선별진료소(동작구보건소, 사당문화회관, 동작구청, 동작주차공원) 내 신속항원검사가 중단됨을 알려드립니다.",전염병
2022,4,8,16,14,영등포구,"[영등포구청] 4.11.(월)부터 선별진료소(영등포구보건소, 대림동·여의동 임시선별검사소)내 신속항원검사가 중단됨을 알려드립니다.(※ PCR검사는 현행유지)",전염병
2022,4,8,16,24,도봉구,"[도봉구청] 4.11.(월)부터 보건소와 임시선별검사소의 신속항원검사가 중단되오니, 신속항원검사는 호흡기전담클리닉 및 지정의료기관에서 받으시기 바랍니다.",전염병
2022,4,8,16,46,강북구,"[강북구청]4.11.(월)부터 보건소와 임시선별검사소의 신속항원검사가 중단되오니, 신속항원검사는 호흡기전담클리닉 및 지정의료기관에서 받으시기 바랍니다.",전염병
2022,4,8,17,6,관악구,[관악구청] 4.11.(월)부터 보건소 및 임시선별검사소 신속항원검사 운영 중단. 신속항원검사는 호흡기 전담 클리닉 및 지정 의료기관을 이용하시기 바랍니다.,전염병
2022,4,11,7,17,영등포구,[영등포구청] 오늘 06:33경 서울시 영등포구 굿모닝고시원(영등포동7가29-128) 화재로 다량의 연기 발생. 인근 주민들께서는 안전에 유의 바랍니다.,기타
2022,4,13,15,4,금천구,[금천구청] 오늘 14:30경 시흥대로64길 27 우림메르디앙 외장재 탈락 사고 발생. 인근 도로 전면 통제하오니 인근 지역 운행차량은 우회하여 주시기 바랍니다.,교통
2022,4,15,17,41,동대문구,"[동대문구청] 4.18.(월)부터 사적모임 인원, 영업시간 제한 등 사회적 거리두기가 전면 해제됩니다. 마스크 등 개인방역수칙을 지키며 일상을 회복하시기 바랍니다",전염병
2022,4,21,17,38,도봉구,"[도봉구청] 4.25.(월)부터 구민회관 임시선별검사소의 운영이 종료되오니, 보건소 선별진료소와 구청 및 창동역 임시선별검사소를 이용해 주시기 바랍니다.",전염병
2022,4,28,10,30,중랑구,"[중랑구청] 5.1(일)부터 '망우역 광장 임시선별검사소' 운영이 중단되오니, 코로나19 PCR검사는 중랑구 보건소, 면목역 임시선별검사소를 이용하시기 바랍니다.",전염병
2022,4,28,14,36,강남구,[강남구청] 역삼동 830-40 인근 크레인 전복사고로 역삼초교~역삼1동 주민센터 주변 교통통제를 실시합니다. 주변 차량은 우회해 주시기 바랍니다.,교통
2022,4,28,17,28,동작구,[동작구청] [동작구 임시선별검사소(2개소)운영 종료 안내]5월 1일(일)부터 구청과 사당문화회관 임시선별검사소 운영이 종료됩니다. 보건소 선별진료소는 계속 운영,전염병
2022,4,29,13,58,관악구,[관악구청] 5월 1일(일요일)부터 신림체육센터 임시선별검사소 운영이 종료됩니다. 보건소 선별진료소 및 낙성대 임시선별검사소는 정상 운영.,전염병
2022,4,29,15,53,동대문구,"[동대문구청] 5.1.(일)부터 장안근린공원 선별검사소 운영이 종료됩니다. PCR검사는 보건소, 청량리역, 서울시광역선별진료소를 이용해 주시기 바랍니다.",전염병
2022,5,2,9,34,강북구,"[강북구청] 5.2.(월)부터 강북구민운동장 임시선별검사소는 운영 중단합니다. 강북구보건소, 강북구청 임시선별검사소는 정상 운영합니다. (☎1577-0922)",전염병
2022,5,3,10,30,중랑구,"[중랑구청] 5.5.(목)부터 '면목역 광장 임시선별검사소' 주말 및 공휴일 운영이 중단되오니, 코로나19 PCR검사는 중랑구 보건소를 이용하시기 바랍니다.",전염병
2022,5,6,17,1,노원구,"[노원구청] 5.7.(토)부터 노원구민의전당 임시선별검사소 코로나19 PCR검사 주말 운영이 중단되오니, 보건소 선별검사소(9~13시)를 이용바랍니다.",전염병
2022,5,11,15,29,동작구,[동작구청] 보건소 선별진료소 운영시간 변경을 알려드립니다. ▲평일 9시~18시 ▲토·일·공휴일 9시~13시 운영 (※ 5월9일(월)부터 동작주차공원 운영종료),전염병
2022,5,21,18,13,영등포구,"[영등포구청] 오늘 17:42 서울시 영등포구 여의도고등학교(여의도동 30-1)에서 화재 발생. 이 지역을 우회, 인근 주민들께서는 안전사고 발생에 유의바랍니다.",기타
2022,5,26,17,40,동대문구,[동대문구청] 사회적 거리두기 해제에 따라 청량리역 선별검사소 운영이 종료되었습니다. PCR 검사는 동대문구 보건소 선별진료소를 이용해 주시기 바랍니다.,전염병
2022,5,30,10,8,강북구,[강북구청] 6.1.(수)부터 강북구청 옆 시범공영주차장 임시선별검사소는 운영 중단합니다. 강북보건소 선별진료소는 정상운영합니다. (☎1577-0922),전염병
2022,5,30,10,30,중랑구,"[중랑구청] 6.1.(수)부터 '면목역 광장 임시선별검사소' 운영이 종료되오니, 코로나19 PCR검사는 중랑구 보건소를 이용하시기 바랍니다.",전염병
2022,5,30,16,40,도봉구,"[도봉구청] 6.1.(수)부터 도봉구청 광장 임시선별검사소의 운영이 종료되오니, 보건소 선별진료소를 이용해 주시기 바랍니다.",전염병
2022,6,30,13,19,서초구,[서초구청] 금일 서울시 서초구 방배동 지역에 산사태주의보가 발령되었으니 산림주변 거주 지역 주민과 인근 방문객은 주의하여 주시기 바랍니다.,산사태
2022,6,30,15,22,도봉구,"[도봉구청]금일 도봉구 쌍문동, 창동 지역 산사태 주의보 발령. 산사태 취약지역 주민들께서는 안전에 각별히 유의해 주시기 바랍니다.",산사태
2022,6,30,18,22,노원구,"[노원구청] 금일 18시 기준 노원구 공릉, 상계, 중계, 하계동 지역 산사태 주의보 발령. 산사태 취약지역 주민들께서는 안전에 각별히 유의해 주시기 바랍니다.",산사태
2022,6,30,19,14,서초구,[서초구청] 한강수위 상승으로 금일 20시경 서초 반포나들목 및 신잠원나들목을 폐쇄할 예정이니 한강공원에 계신분들과 차량은 안전한 곳(한강 밖)으로 이동바랍니다.,교통
2022,6,30,20,9,강북구,"[강북구청] 금일 강북구 수유동, 번동, 미아동 지역 산사태주의보 발령. 산사태 취약지역 주민들께서는 안전에 각별히 유의해 주시기 바랍니다.",산사태
2022,6,30,20,27,성동구,[성동구청]금일 산사태주의보 발령 및 하천변 수위상승으로 주변 상황이 위험하니 출입 제한 및 안전사고에 각별히 유의하여 주시기 바랍니다. ☎02-2286-6150,산사태
2022,7,13,17,8,금천구,[금천구청] 지속적인 강우로 인해 안양천 수위가 상승하여 침수가 예상되오니 안양천 출입을 금지하여 주시기 바랍니다.,홍수
2022,7,18,14,31,양천구,"[양천구청] 코로나19 4차 접종 대상 확대 50세 이상 및 기저질환자, 3차 접종 후 4개월 경과 시 7월18일부터 예약가능 ncvr.kdca.go.kr",전염병
2022,7,22,15,54,도봉구,"[도봉구청]구청광장 임시선별검사소 운영▶7.22.(금)부터 PCR우선순위자 대상, 평일·일요일13~21시(소독17~18시,토·공휴일 휴무) c11.kr/11f0c",전염병
2022,7,23,15,1,광진구,"[광진구청] 광진구보건소 코로나19 선별진료소 운영 시간 안내 평일 09시~18시(미운영12~13시)/ 주말, 공휴일 09시~13시/ 문의전화 450-7090",전염병
2022,7,29,10,0,강북구,"[강북구청]7월29일(금)부터 구청옆 시범공영주자창 임시선별검사소 운영(연중무휴)▶13~21시(소독17~18시), PCR 우선순위자 대상만 가능☎1577-0922",전염병
2022,8,4,19,59,강북구,"[강북구청]구청옆 시범공영주자창 임시선별검사소 운영중(연중무휴)▶13~21시(소독17~18시),PCR 우선순위 대상자 한해 PCR검사만 가능(☎1577-0922)",전염병
2022,8,5,10,36,양천구,"[양천구청] 양천구목동공영주차장 임시선별검사소 개소, 매일 13:00부터 21:00까지 운영. 검사방법 PCR, 검사대상은 양천구청 홈페이지 참조바랍니다.",전염병
2022,8,6,15,4,광진구,"[광진구청]광진구보건소 코로나19 선별진료소 운영시간 안내 / 평일 09시~18시(미운영12~13시) / 주말,공휴일 09시~13시 / ☎ 450-7090",전염병
2022,8,8,19,13,마포구,"[마포구청] 금일 불광천, 홍제천, 향동천 수위 상승으로 안전사고 우려가 있어 산책로 전 구간 출입 통제중이오니 하천변 이용을 자제하여 주시기 바랍니다.",교통
2022,8,8,20,39,성동구,"[성동구청]오늘 20:30기준 현재 호우경보 발효 중, 중랑천 청계천 범람이 우려되어 하천변 출입을 전면 통제하오니 인근 주민께서는 신속 대피바랍니다.",교통
2022,8,8,21,21,관악구,[관악구청] 이 시각 현재 도림천이 범람하고 있으니 저지대 주민께서 신속히 안전한 곳으로 대피하여 주시기 바랍니다.이상 관악구 재난안전대책본부에서 알려드렸습니다.,홍수
2022,8,8,21,23,관악구,[관악구청] 2022.08.09.(21:00)부터 관악구에 산사태 경보가 발령 되었습니다. 산사태 발생 피해가 없도록 주의하시기 바랍니다.,산사태
2022,8,8,21,30,관악구,[관악구청] 현재 서울시 관악구에 산사태 경보가 발령 되었습니다. 산사태 발생 피해가 없도록 주의하시기 바랍니다.,산사태
2022,8,8,21,38,동작구,[동작구청] 현재 호우 지속으로 침수 위험이 있으니 주의하시기 바라며 특히 도림천 인근 거주 주민들께서는 범람 위험이 있으니 예의주시하시기 바랍니다.,홍수
2022,8,8,21,56,관악구,"[관악구청] 이 시각 현재 도림천 범람 우려가 있으니 주의하시기 바라며, 특히 도림천 인근 거주 주민들께서는 범람 위험이 있으니 예의주시하시기 바랍니다.",홍수
2022,8,8,23,2,관악구,"[관악구청] 청룡동 1580-3(관악그린빌라) 인근 산사태 위험이 있으니,  인근 주민들께서는 청룡동 주민센터 4층(쑥고개로 44)으로 대피해주시기 바랍니다.",산사태
2022,8,8,23,40,동작구,[동작구청] 도림천 인근 주민들께서는 하천이 범람되므로 동 주민센터로 대피하여 주시기 바랍니다.,홍수
2022,8,8,23,41,서초구,"[서초구청] 현재 양재천 범람, 도로침수 등 우려가 있으니 주의하시기 바라며, 특히 양재천 인근 거주 주민들께서는 범람 위험이 있으니 예의 주시하시기 바랍니다.",홍수
2022,8,9,0,21,동작구,[동작구청] 도림천 인근 신대방1동·신대방2동 주민들께서는 하천 범람에 따라 임시주거시설 동작구민체육센터(신대방동 460-1)로 대피하시기 바랍니다.,홍수
2022,8,9,0,23,강남구,"[강남구청] 대모산 및 양재천 인근지역, 저지대, 침수 우려지역 등 주변 주민들께서는 기상상황을 주시하시고, 안전에 유의하여 주시기 바랍니다.",호우
2022,8,9,0,31,동작구,[동작구청] 사당2동 (극동아파트 등) 이재민들은 동작중학교(동작구 동작동 59-1) 또는 사당종합체육관(동작구 사당로27길 232) 으로 대피하시기 바랍니다.,기타
2022,8,9,0,32,성동구,"[성동구청]이 시각부로 하천변 수위상승에 따른 금호,옥수,용답나들목을 폐쇄하오니 하천 이용 및 안전사고 예방에 적극 협조하여 주시기 바랍니다.",교통
2022,8,9,2,7,동작구,[동작구청] 신대방1동 침수피해 주민들께서는 임시주거시설 문창초등학교(신대방동 640)로 대피하시기 바랍니다.,침수
2022,8,9,7,30,송파구,"[송파구청] 한강 수위상승에 따른 풍납토성나들목, 잠실나루나들목, 잠실나들목, 잠실새내나들목을 폐쇄하오니 안전사고 예방에 적극 협조하여 주시기 바랍니다.",교통
2022,8,9,11,54,성동구,[성동구청] 하천변 수위상승과 많은 비 예보로 11시 기준 관내 모든 육갑문을 폐쇄하고 하천변 출입을 전면 통제하오니 안전사고에 각별히 유의하시기 바랍니다.,교통
2022,8,9,16,56,도봉구,"[도봉구청] 내일 새벽까지 많은 호우가 예보되어 있어 하천변 출입금지 및 저지대, 산자락 등 위험지역에 계신 구민들께서는 수해피해 및 안전에 유의하시기 바랍니다.",호우
2022,8,9,17,59,금천구,"[금천구청] 지속적인 강우로 인해 안양천 수위가 상승하여 침수가 예상되오니 안양천 출입을 금지하여 주시고, 안전사고에 유의하시기 바랍니다.",교통
2022,8,9,18,28,마포구,[마포구청] 현재 불광천 수위 상승으로 증산교 하부도로가 일부 침수되어 통제중이오니 이용을 자제하여 주시기 바랍니다.,교통
2022,8,9,18,47,강남구,"[강남구청] 내일 새벽까지 많은 호우가 예보되어 있어, 대모산 및 양재천 주변, 저지대, 침수 우려 지역 주민들께서는 안전사고에 유의하시기 바랍니다.",호우
2022,8,9,19,27,도봉구,"[도봉구청] 금일 도봉구 쌍문동,방학동,도봉동 지역 산사태 주의보 발령. 산림 인근 주민들께서는 안전에 유의하시기 바라며, 입산을 금지하여 주시기 바랍니다.",산사태
2022,8,9,19,28,강북구,"[강북구청]내일 새벽까지 많은 호우가 예보되어 있어 하천변 출입금지 및 저지대, 산자락 등 위험지역에 계신 구민들께서는 수해피해 및 안전에 유의하시기 바랍니다.",호우
2022,8,9,19,36,노원구,"[노원구청] 금일 노원구 상계동, 중계동 지역 산사태 경보 발령. 산사태 취약지역 및 산림 인근 주민들께서는 안전에 유의하시기 바랍니다.",산사태
2022,8,9,20,20,중랑구,[중랑구청]내일까지 집중호우 예상됩니다. 동부간선도로 및 하천변 통행을 차단합니다. 공사장 급경사 저지대 등 위험지역의 구민들께서는 안전에 유의하시기 바랍니다.,교통
2022,8,9,20,21,중랑구,[중랑구청]일기예보를 수시 확인하고 긴급 상황 발생시 중랑구 재난안전대책본부(02-2094-2740)로 연락바랍니다. 구민안전보호에 최선을 다하겠습니다.,기타
2022,8,9,20,27,종로구,"[종로구청] 금일 종로구 구기동, 신영동, 평창동, 홍지동 지역 산사태 주의보 발령. 산사태 취약지역 및 산림 인근 주민 분들께서는 안전에 유의하시기 바랍니다.",산사태
2022,8,9,20,44,관악구,"[관악구청] 내일 새벽까지 많은 호우가 예보되어 있어, 관악산 및 도림천 주변, 저지대, 침수 우려 지역 주민들께서는 안전사고에 유의하시기 바랍니다.",호우
2022,8,10,6,29,광진구,"[광진구청] 2022. 8. 10. 02:00 기준 팔당댐 방류(초당 14,000톤)에 따른 한강 수위 상승으로 한강변 공원 전면 통제(나들목 5개소 폐문)",교통
2022,8,10,6,35,강서구,[강서구청] 한강 수위 상승으로 개화나들목 교통통제 / 올림픽대로 진출입 불가 / 차량침수 주의,교통
2022,8,10,9,41,중랑구,"[중랑구청] 밤사이 집중호우로 인한 침수피해는 없었으며, 호우경보는 해제되었지만 비상근무체제를 유지하여 중랑구민의 안전을 위해 철저히 대비하겠습니다.",호우
2022,8,10,11,1,관악구,[관악구청] 오늘 산사태 경보(경계) 유지 중. 누적된 비로 지반이 약해져 산사태 발생위험이 높으니 위험지역 접근통행 금지. 안전사고에 유의 바랍니다.,산사태
2022,8,12,15,40,광진구,[광진구청] 2022. 8. 12.(금) 팔당댐 방류량 감소로 한강 수위가 낮아짐에 따라 광진구 한강변 공원 통행을 재개합니다.(나들목 5개소 개문),교통
2022,8,12,17,11,동대문구,"[동대문구청] 8.13(토)부터 강한 호우가 예상되오니 기상상황에 귀 기울여 주시고 하천변, 저지대, 위험지역 유의 등 안전에 주의 바랍니다.",호우
2022,8,12,17,40,강북구,"[강북구청] 8.13(토)부터 강한 호우가 예상되오니 기상상황에 귀 기울여 주시고 하천변, 저지대, 산자락 등 위험지역 인근 주민께서는 안전에 유의 바랍니다.",호우
2022,8,13,12,4,강북구,"[강북구청] 금일 집중호우가 예상되니, 하천변·산자락 등 재난취약지역 출입 자제, 지하주택 침수방지시설 적기 설치, 대중교통 이용 등 안전관리 유의 바랍니다.",호우
2022,8,13,12,37,동작구,"[동작구청]동작구 재대본에서 알립니다. 금일 강우가 예보되어 있으니 축대, 담장, 배수구 등을 점검하여 주시기 바랍니다.",호우
2022,8,13,13,10,관악구,"[관악구청] 금일 강한호우가 예상되오니 기상상황에 귀 기울여 주시고 하천변, 저지대, 산자락 등 위협지역 인근 주민께서는 안전에 유의 바랍니다.",호우
2022,8,13,13,21,구로구,"[구로구청] 금일 집중호우가 예상되오니 축대, 담장, 배수구 등 점검해주시고 하천변, 저지대, 산 인근 등 재난취약지역 주민들께서는 안전에 유의해주시기 바랍니다.",호우
2022,8,13,13,54,서초구,"[서초구청] 금번 폭우로 우면산, 청계산 등 일부 등산로가 유실되어 폐쇄 되었으며, 연휴기간 강한 강우가 다시 예상되오니 산림 연접지 접근을 삼가시기 바랍니다.",호우
2022,8,13,14,34,영등포구,"[영등포구청] 금일 오후부터 집중호우가 예상되오니 축대, 담장, 배수구 등 점검해주시고 하천변, 저지대 등 침수취약지역 주민들께서는 안전에 유의해주시기 바랍니다.",호우
2022,8,13,15,2,광진구,"[광진구청] 50세 이상 전체, 18세 이상 면역저하자 및 기저질환자 3차접종 후 4개월 경과 시 코로나19 4차접종 가능 / ☎ 광진구보건소(450-7090)",전염병
2022,8,13,15,44,중랑구,"[중랑구청] 금일 집중호우가 예상되오니 축대, 담장, 배수구 등 점검해주시고 하천변, 저지대, 산 인근 재난취약지역 주민들께서는 안전에 유의해주시기 바랍니다.",호우
2022,8,14,13,15,서초구,"[서초구청]금번 폭우로 우면산, 청계산 일부 등산로가 폐쇄되었습니다. 지속된 강우로 지반이 약해진 상태이니 우기시 산행 및 산림 연접지 접근을 삼가시기 바랍니다.",호우
2022,8,15,12,53,동작구,"[동작구청]금일18시~24시 서울 호우예비특보, 강풍을 대비하여 간판, 공사장 타워크레인 등 시설물 점검하고 있습니다. 구민여러분 각별한 유의 부탁드립니다.",호우
2022,8,15,16,32,서초구,"[서초구청] 금일 강풍과 강우가 예보되어 있어 지반이 약화된 곳의 나무가 넘어질 우려가 크니 산림, 가로수, 공원 등 큰나무로의 접근을 삼가주시기 바랍니다.",호우
2022,8,15,16,49,구로구,"[구로구청] 금일 저녁 구로구 전 지역 많은 비가 예상되오니 안양천, 도림천, 목감천 등 하천 인근 및 산 주변 주민께서는 침수 피해 등 안전에 유의바랍니다.",호우
2022,8,15,17,57,동작구,"[동작구청] 금일 서울 집중 호우와 강풍이 예상되며, 지속된 강우로 지반이 약해진 상태이니, 등산객 및 산림 연접지 주민분들은 각별한 유의 부탁드립니다.",호우
2022,8,15,18,18,관악구,"[관악구청] 금일 집중호우가 예상되오니 축대, 담장, 배수구 등 점검해주시고 하천변, 저지대 등 침수취약지역 주민들께서는 안전에 유의해주시기 바랍니다.",호우
2022,8,15,18,57,영등포구,"[영등포구청]금일 집중호우와 강풍이 예상되며, 지속적 강우로 지반이 약해진 상태이니 축대, 간판, 배수구 등 점검과 침수취약지역 주민분들의 각별한 유의 바랍니다.",호우
2022,8,15,19,37,동작구,"[동작구청] 금일 집중호우가 예상되오니 축대, 담장, 배수구 등 점검해주시고 하천변, 저지대 등 침수취약지역 주민들께서는 안전에 유의해주시기 바랍니다.",호우
2022,8,15,19,48,금천구,"[금천구청] 금일 집중호우,강풍 예상, 지속적인 강우로 지반이 약해져 있어 산지,절개지,축대,간판,배수시설 점검 및 침수취약지역 주민들의 각별한 유의바랍니다.",호우
2022,8,15,20,13,서초구,"[서초구청] 서초구에 강한 바람이 불고 있습니다. 간판, 창문파손, 낙하물주의 및 하천, 공사장 등 위험지역 접근과 야외활동 자제바랍니다.",기타
2022,8,19,16,25,서초구,"[서초구청] 서초구에 강한비가 내리고 있으니 각별한 주의 부탁드립니다.특히 강남역, 내방역, 사당역, 양재천 및 반포천 등 저지대 접근 자제 바랍니다.",호우
2022,8,19,16,36,동작구,"[동작구청] 금일 돌발성 호우가 내리고 있으니, 하천변, 저지대 등 침수취약지역 주민께서는 유의하시기 바랍니다.",호우
2022,8,19,16,40,강남구,"[강남구청] 16:30경 현재 강남구에 강한 비구름대가 지나고 있으니 저지대, 침수 우려지역 및 양재천 인근 지역 주민은 각별히 주의해 주시기 바랍니다.",호우
2022,8,19,17,18,서초구,"[서초구청] 현재 서초구 전역에 강한비가 내리고 있으며 지난 폭우로 인해 지반이 약해진 상태이니 우면산, 청계산 등 산행 및 산림 연접지 접근을 삼가시기 바랍니다",호우
2022,8,19,17,28,구로구,"[구로구청]금일 저녁 구로구 전지역 집중호우가 예상되오니, 안양천·도림천·목감천 등 하천변, 저지대 및 산 등 취약지역 인근주민께서는 안전에 유의하시기 바랍니다.",호우
2022,8,19,17,30,서초구,"[서초구청]서초구에 강한비가 내리고 있으니 각별한 주의 부탁드립니다.특히 강남역, 내방역, 사당역 등 저지대 침수지역과 양재천 및 반포천 등 출입 자제바랍니다.",호우
2022,8,19,17,43,동작구,[동작구청]동작구 전역에 강한 비가 내리고 있으며 지난 폭우로 지반이 약해진 상태입니다. 산사태 및 침수위험지역 주민께서는 안전에 각별히 유의해 주시기 바랍니다.,호우
2022,8,19,17,54,관악구,[관악구청] 관악구 전역에 강한 비가 내리고 있으며 지난 폭우로 지반이 약해진 상태입니다. 산사태 및 침수위험지역 인근 주민께서는 안전에 유의해 주시기 바랍니다.,호우
2022,8,19,18,6,금천구,[금천구청] 밤사이 많은 비가 예보되어 있고 지난 폭우로 지반이 약해진 상태입니다.산사태 및 침수위험지역 인근 주민께서는 안전에 유의해주시기 바랍니다.,호우
2022,8,19,19,49,영등포구,[영등포구청]영등포구 전역에 강한 비가 내리고 있으며 지난 폭우로 지반이 약해진 상태입니다. 침수위험지역 주민께서는 안전에 각별히 유의해 주시기 바랍니다.,호우
2022,8,20,15,0,광진구,[광진구청] 광진광장임시선별검사소 코로나19 선별진료소 운영 시간 안내/매일(연중무휴) 13시~21시(소독시간 17시~18시)/☎광진구보건소(450-7090),전염병
2022,8,27,15,0,광진구,"[광진구청] 소아·청소년 백신접종안내/(5~11세)고위험군:접종권고, 일반:희망시 접종 (12~17세)접종권고/코로나예방접종 예약중/☎광진구보건소 450-7090",전염병
2022,8,29,15,30,강서구,"[강서구청] 임시선별검사소 운영 안내▲위치: 마곡동 802-3▲시간: 일~금, 13시~21시(토요일, 공휴일 제외)(PCR 우선순위 대상자만 검사 가능)",전염병
2022,9,2,18,42,동작구,"[동작구청] 태풍 “힌남노” 북상을 대비하여 간판 및 공사장, 타워크레인 등 시설물을 점검하고 있습니다. 구민여러분 안전에 각별한 유의 부탁드립니다.",태풍
2022,9,2,19,21,금천구,"[금천구청] 9.5. 태풍북상이 예상되오니 피해가 없도록 주말간 강풍 및 폭우에 대비하여 주시고, 수해피해 지역은 각별한 주의를 기울이시기 바랍니다.",태풍
2022,9,3,15,0,광진구,[광진구청]추석연휴(9.9.~9.12.) 선별진료소운영안내▲광진구보건소 09~13시▲광진광장 13~21시(소독시간 17시~18시)/☎광진구보건소(450-7090),전염병
2022,9,3,15,28,동대문구,"[동대문구청] 태풍 '힌남노'가 북상중이니 강풍, 호우로 인한 창문파손, 낙하물 주의, 하천 등 위험지역 접근금지 및 재난방송에 귀 기울여 주시기 바랍니다.",태풍
2022,9,3,17,5,도봉구,"[도봉구청] 태풍 ‘힌남노’ 북상중, 강풍·호우로 인한 침수 대비, 낙하물 주의, 하천·산자락 등 위험지역 접근금지 및 재난방송에 귀 기울여주시기 바랍니다.",태풍
2022,9,3,17,17,관악구,"[관악구청] 태풍 힌남노의 영향으로 강풍이 예상됩니다. 지속적 강우로 지반이 약해진 상태이니 주민들께서는 축대, 간판, 수목 등의 넘어짐에 각별한 유의 바랍니다.",태풍
2022,9,3,17,17,강북구,"[강북구청] 태풍 '힌남노' 북상중이니 강풍·호우로 인한 침수 대비, 낙하물 주의, 하천·산자락 등 위험지역 접근금지 및 재난방송에 귀 기울여주시기 바랍니다.",태풍
2022,9,3,17,28,금천구,[금천구청] 9월4일 밤부터 태풍의 영향으로 많은비가 예상되오니 피해가 없도록 사전대비하여 하천 및 침수(위험)지역 인근 주민분들께서는 각별한 주의 부탁드립니다.,태풍
2022,9,3,17,47,영등포구,"[영등포구청] 태풍' 힌남노' 북상으로 강풍 및 폭우가 예상되오니, 간판 및 공사장 시설물을 점검하고 침수대비 집 주변 빗물받이를 사전 점검하여 주시기 바랍니다.",태풍
2022,9,3,17,50,동작구,[동작구청] 지난 폭우로 인해 지반이 약해진 상태입니다. 태풍 대비 침수위험지역 주민께서는 안전에 각별히 유의해 주시기 바랍니다.,태풍
2022,9,3,19,4,마포구,"[마포구청] 태풍 '힌남노' 북상으로 강풍 및 폭우가 예상되오니, 간판 및 수목의 전도에 주의하시고 침수대비 배수로 점검 등 안전에 주의하여 주시기 바랍니다.",태풍
2022,9,4,12,22,금천구,"[금천구청]현재 태풍 힌남노의 영향으로 불규칙한 강풍이 발생하고 있으니 피해가 예상되는 간판,가시설물,가판대,천막,화분 등은 고정하거나 철거하시기 바랍니다.",태풍
2022,9,4,12,58,강남구,[강남구청] 태풍‘힌남노’의 북상에 따라 강한 비바람이 예상되니 사고예방을 위해 간판 및 배수구 정비 등 사전 시설물 점검에 만전을 기하여 주시기 바랍니다.,태풍
2022,9,4,13,14,강서구,"[강서구청] 태풍 '힌남노' 북상에 따라 강한 비바람이 예상되오니 기상정보를 수시확인하시고 간판, 화분 등이 바람에 날아가지 않도록 고정해주시기 바랍니다.",태풍
2022,9,4,13,27,양천구,"[양천구청] 양천구는 5일(월) 새벽부터 태풍의 영향권에 진입이 예상되오니 간판, 화분, 집주변 배수로 등을 미리 점검하여 피해를 예방하여 주시기 바랍니다.",태풍
2022,9,4,14,59,구로구,[구로구청] 태풍 ‘힌남노’ 북상 중으로 강한 비바람이 예상되오니 시설물 및 배수로를 정비해주시고 침수위험지역 주민께서는 각별한 주의를 기울여 주시기 바랍니다.,태풍
2022,9,4,15,13,강북구,"[강북구청] 태풍이 북상중으로 강한 비와 바람이 예상되오니, 주변 축대, 배수로, 지붕 등을 점거하고, 간판, 창문, 화분 등을 고정하여 주시기 바랍니다.",태풍
2022,9,4,15,50,동작구,"[동작구청] 태풍 힌남노 북상에 따라 강한 비바람이 예상되니 배수구 정비, 시설물 점검, 산사태ㆍ침수 위험지역, 낙하물 주의, 외출자제 등 안전에 주의바랍니다.",태풍
2022,9,4,16,35,서초구,"[서초구청]태풍 힌남노 북상에 따라 강한 비바람이 예상되니 시설물·배수구 점검, 산사태, 침수위험지역, 낙하물 주의, 입산·하천 접근금지 등 안전에 주의바랍니다.",태풍
2022,9,4,16,46,서초구,"[서초구청] 태풍 북상으로 금일 17시부로 우면산, 청계산 등 서초구 관내 등산로(산책로)를 전면 폐쇄하오니 등산로 출입 및 산림연접부 접근을 삼가시기 바랍니다.",태풍
2022,9,4,17,9,관악구,"[관악구청] 현재 태풍 힌남노의 영향으로 강풍이 우려되니 피해가 예상되는 간판, 가시설물, 가판대, 천막, 화분 등은 고정하거나 철거 바랍니다.",태풍
2022,9,4,17,15,마포구,"[마포구청] 태풍의 영향으로 폭우와 돌풍이 예상되오니, 날아갈 위험이 있는 간판, 가림막 등은 고정해 주시고, 하수구나 배수구를 점검하여 안전사고에 유의바랍니다.",태풍
2022,9,4,17,51,강남구,"[강남구청] 주택 또는 상가 앞 홍보배너, 주차안내판, 화분 등은 안전한 곳으로 옮겨주시고 빗물받이 덮개 및 쓰레기 제거 등 태풍 피해 예방에 협조 바랍니다.",태풍
2022,9,4,18,0,금천구,"[금천구청]태풍 힌남노의 영향으로 5~6일 사이 호우와 강풍이 예상되오니 상습침수지역, 산사태위험지역, 하천인접지역은 태풍에 대비하여주시고 하천출입을 금지합니다.",태풍
2022,9,4,18,5,영등포구,"[영등포구청] 태풍 '힌남노' 북상 중으로 강한 비바람이 예상되오니 빗물받이, 공사장, 저지대 주차차량 점검 및 낙하물 주의, 외출자제 등 안전에 주의바랍니다.",태풍
2022,9,4,18,8,중랑구,"[중랑구청] 금일 17시부터 태풍소멸시까지 봉화산, 용마산 등 관내 등산로 전면폐쇄합니다.",태풍
2022,9,4,18,23,중랑구,"[중랑구청] 9.4(일) 태풍 영향으로 강한 바람과 시간당 20~30mm 비 예상. 저지대, 중랑천 등 위험지역 접근을 금지하고 간판 등 시설물 낙하에 주의하세요",태풍
2022,9,4,18,39,구로구,"[구로구청] 태풍 '힌남노' 영향으로 강한 비바람이 예상되오니 빗물받이, 배수로 시설물 점검과 옥외시설물 결박 등 안전사고에 유의 바랍니다.",태풍
2022,9,4,21,51,강북구,"[강북구청]태풍 힌남노 북상에 따라, 안전조치로 우이천 출입을 전면 통제하오니 접근 금지바라며, 그밖의 상습침수지역, 산사태위험지역은 안전에 유의하시기 바랍니다.",태풍
2022,9,4,22,21,강남구,[강남구청]태풍의 영향으로 강풍 및 폭우예상되어 대모산 진입로 및 등산로를 내일 09시부터 태풍경보 해제시까지 통제하오니 인근주민께서는 안전에 유의하시기 바랍니다,태풍
2022,9,5,8,42,서초구,"[서초구청] 태풍 북상으로 인해 우면산, 청계산 등 서초구 관내 등산로(산책로)를 전면 폐쇄하오니 입산 및 산림 연접부 접근을 삼가시기 바랍니다.",태풍
2022,9,5,10,10,종로구,[종로구청] 태풍 ‘힌남노’ 가 북상 중으로 대규모 피해가 우려됨에 따라 태풍이 완전히 소멸될 때까지 종로구 관내 등산로를 폐쇄하오니 입산하지 않도록 바랍니다.,태풍
2022,9,5,10,14,강북구,"[강북구청]태풍 힌남노 북상으로 구청 옆 공영주차장 임시선별검사소를 축소운영 합니다.  9.5(월) 13-18시운영, 9.6(화) 미운영 ☎1577-0922",전염병
2022,9,5,10,38,강서구,"[강서구청] 태풍 '힌남노' 북상으로 9.5.~6일 강한 비바람이 예상되오니 기상정보를 수시확인하여 간판, 화분, 창문, 배수로 등을 정비하여 주시기 바랍니다.",태풍
2022,9,5,11,2,구로구,"[구로구청] 태풍 힌남노 북상으로 강풍이 예상되오니 하천 등 위험지역 출입을 금지해주시고, 간판, 공사장, 유리창, 빗물받이 등 사전점검하여 주시기 바랍니다.",태풍
2022,9,5,11,15,중랑구,"[중랑구청] 태풍으로 면목역 임시선별검사소 한시적 운영 변경 안내드립니다. 9.5.(월) 13시~18시 / 9.6.(화) 미운영. 단, 보건소 선별진료소 정상운영",전염병
2022,9,5,11,19,중랑구,"[중랑구청] 태풍 영향으로 중랑천, 묵동천 통제중입니다. 강한 비와 돌풍이 예상되오니 제방산책로 및 체육공원 출입을 삼가주시고 안전에 유의하여 주시기 바랍니다.",태풍
2022,9,5,11,36,금천구,[금천구청]태풍 북상과 함께 호우주의보가 12:00부로 발효 예정이니 피해가 없도록 배수시설물등을 정비하여 주시고 안전에 유의하시기 바랍니다.,태풍
2022,9,5,11,51,영등포구,[영등포구청]태풍의 영향으로 많은 비가 내리고 있습니다. 주변 빗물받이 점검과 특히 저지대 주민께서는 주민센터와 도로변에 비치된 모래주머니로 침수에 대비 바랍니다,태풍
2022,9,5,12,40,서초구,"[서초구청] 태풍 북상으로 강한비가 오고있으니 비피해가 없도록 시설물·배수구 점검, 낙하물주의, 산사태·침수위험지역, 입산·하천접근 금지 등 안전에 유의바랍니다.",태풍
2022,9,5,13,39,동작구,"[동작구청] 태풍 북상으로 강한 비바람이 예상되니 피해가 없도록 시설물·배수구 점검, 산사태·침수위험지역, 낙하물 주의 등 안전에 유의 바랍니다.",태풍
2022,9,5,13,50,도봉구,"[도봉구청] 태풍으로 도봉구청 임시선별검사소 한시적 운영 변경 안내드립니다. 9.5(월) 13시~18시 / 9.6(화) 미운영. 단, 보건소 선별진료소 정상운영",전염병
2022,9,5,13,58,노원구,"[노원구청] 태풍으로 구민의전당 임시선별검사소 축소운영합니다. 9.5(월) 13-18시 운영, 9.6(화) 미운영 ☎2116-4900, 보건소 선별진료소 정상운영",전염병
2022,9,5,15,1,용산구,"[용산구청] 초강력 태풍 힌남노 북상으로 폭우 및 강풍이 예상됩니다. 비피해가 없도록 시설물·배수구 점검, 빗물받이 덮개제거 등 안전에 유의하시기 바랍니다.",태풍
2022,9,5,15,25,동작구,"[동작구청]태풍북상으로 사당임시선별 9.5.(월) 18시~9.6.(화) 운영중단, 침수피해 1:1현장상담소 9.6.(화) 09시~기상특보 해제 시까지 운영중단",태풍
2022,9,5,15,51,양천구,[양천구청] 태풍(힌남노) 대비 목동공영임시선별검사소 9/5(월) 18시~ 9/6(화)까지 중단. 이용에 착오 없으시기 바랍니다.(보건소 선별진료소는 정상운영),태풍
2022,9,5,17,18,은평구,"[은평구청] 태풍 북상으로 관내 하천 산책로 및 등산로 전면 폐쇄 중이니 출입 금지 및 낙하물 주의, 빗물받이 덮개 제거 등 태풍 피해 예방에 협조 바랍니다.",태풍
2022,9,5,17,25,구로구,[구로구청] 9월 5~6일 태풍 힌남노 영향으로 강한 호우와 강풍이 예상되오니 간판 등 낙하물 주의해주시고 기상정보를 수시로 확인하여 안전에 유의하시기 바랍니다.,태풍
2022,9,5,17,44,금천구,"[금천구청]태풍 힌남노의 영향으로 오늘 밤부터 많은 비가 예상되오니 산사태 위험지역, 하천범람위험지역, 침수위험지역 인근거주민께서는 안전에 유의하시기 바랍니다.",태풍
2022,9,5,17,46,강남구,[강남구청] 태풍 북상으로 강한 비와 함께 돌풍이 내일까지 이어질 예상이오니 안전사고 예방을 위해 외출을 자제해주시고 기상정보를 수시로 확인하여 주시기 바랍니다.,태풍
2022,9,5,17,53,은평구,[은평구청] 태풍으로 인한 강풍 및 폭우가 예상됩니다. 배출된 쓰레기가 배수로를 막을 위험이 있어 주민 여러분께서는 금일 쓰레기 배출을 자제하여 주시기 바랍니다.,태풍
2022,9,5,18,16,동대문구,"[동대문구청] 태풍이 북상 중이니 강풍, 호우로 인한 창문파손, 낙하물 주의, 외출을 자제해 주시고, 기상정보를 수시로 확인하여 안전사고 예방에 유의바랍니다.",태풍
2022,9,5,18,44,마포구,"[마포구청] 태풍 북상에 따라 강풍이 예상되오니, 주택 및 상가 앞 간판 등 위험물, 낙하물 등은 미리 조치하여 안전사고 예방에 유의하여 주시기 바랍니다.",태풍
2022,9,5,19,0,성동구,"[성동구청] 오늘 저녁부터 강한 비바람 예상. 하천변 출입 모두 통제되었으며 외출 자제, 산사태 위험지역 및 공사장·옹벽 인근 접근금지 등 안전에 유의 바랍니다.",태풍
2022,9,5,19,38,영등포구,"[영등포구청]오늘 부터 내일까지 강풍과 폭우가 예상됩니다. 외출을 자제하시고, 내일(6일)은 우리 구에서 운영하는 체육,문화,복지 등 다중시설을 일시 휴관합니다.",태풍
2022,9,5,20,10,서대문구,"[서대문구청] 태풍 힌남노 북상으로 홍제천, 불광천, 안산 등 산책로 전면 폐쇄중입니다. 강풍 및 폭우에 대비하여 외출 자제 등 안전사고에 유의하시기 바랍니다.",태풍
2022,9,5,21,3,강남구,"[강남구청] 9/6(화) 새벽3시~6시경 집중 호우 및 강풍이 예상되니 주택 및 상가 앞 빗물받이 덮개 제거, 배수구 정비 등 대비를 철저히 해주시기 바랍니다.",태풍
2022,9,5,21,4,구로구,"[구로구청]9월 6일까지 강풍과 많은 비가 예상되오니 외출을 자제하여 주시고 창문, 간판 등을 고정해주시고 바람에 날라가기 쉬운 물건은 이동조치해주시기 바랍니다.",태풍
2022,9,5,21,7,광진구,"[광진구청]태풍으로 인한 강한 비바람 유의. 하천,등산로와 같은 위험지역 출입은 자제하여 주시고 입간판,배너기등 광고물은 안전한 곳으로 이동하여 주시기 바랍니다.",태풍
2022,9,5,21,34,강동구,"[강동구청]9월 6일까지 강풍과 많은 비가 예상되오니 외출을 자제해 주시고, 창문파손, 낙하물 주의와 함께 기상정보를 수시로 확인하여 안전사고에 유의 바랍니다.",태풍
2022,9,5,22,31,송파구,"[송파구청] 현 시간 한강수위 상승에 따른 풍납토성 나들목을 폐쇄하오니 한강둔치 이용을 자제하시고, 태풍 힌남노 대응 저지대 주택침수 및 강풍피해에 대비 바랍니다",태풍
2022,9,5,23,58,금천구,"[금천구청]9월6일 00:00부로 강풍주의보가 발효됨에 따라 피해가 예상되는 간판, 입간판, 가판대, 가시설물, 천막, 화분등은 고정, 철거하여 주시기 바랍니다",태풍
2022,9,6,0,13,서초구,"[서초구청] 태풍의 영향으로 강한 비바람이 예상되니 간판, 창문파손, 낙하물주의, 맨홀 역류, 침수된 도로, 입산·하천접근 금지 등 안전에 유의바랍니다.",태풍
2022,9,6,5,0,강서구,[강서구청]한강 수위 상승으로 개화나들목 교통통제 / 올림픽대로 진출입 불가(올림픽대로 김포에서 방화동 방향 진출은 가능) / 차량침수 주의,교통
2022,9,6,6,30,성동구,"[성동구청] 중랑천 가람교,동부간선도로 군자교~성수JC,내부순환로 마장램프~성수JC 구간 교통통제. 침수된 중랑천·청계천·한강변 및 등산로(7개소) 출입통제중임.",교통
2022,9,6,11,0,강서구,"[강서구청] 태풍 '힌남노'가 지남에 따라, 마곡 임시선별검사소 운영을 정상 재개합니다(13:00~21:00).",태풍
2022,9,6,11,3,강북구,"[강북구청] 9.6.(화) 보건소 선별진료소(9시~18시), 구청 옆 시범공영주차장 임시선별검사소(13시~21시) 모두 정상 운영합니다. ☎1577-0922",전염병
2022,9,6,12,58,양천구,[양천구청] 태풍(힌남노)이 지나감에 따라 9/6(화) 양천구 목동공영 임시선별검사소는 정상 운영합니다.(13:00~21:00),전염병
2022,9,7,9,56,도봉구,"[도봉구청] 추석연휴(9.9.~9.12.) 코로나검사 안내 ▲구청광장(13~21시, 추석 당일만 휴무) ▲도봉구보건소(9~13시, 추석 당일 10일은 9~18시)",전염병
2022,9,8,15,22,강서구,[강서구청] 추석연휴 PCR 검사 안내강서구보건소 선별진료소: 9.9.(금)~9.12.(월) 9시~18시(마곡8공영주차장 임시선별검사소는 미운영),전염병
2022,9,10,15,0,광진구,"[광진구청] 50세 이상 전체, 18세 이상 면역저하자 및 기저질환자 3차접종 후 4개월 경과 시 코로나19 4차접종 가능 / ☎ 광진구보건소(450-7090)",전염병
2022,9,17,15,0,광진구,[광진구청] 광진광장임시선별검사소 코로나19 선별진료소 운영 시간 안내/매일(연중무휴) 13시~21시(소독시간 17시~18시)/☎광진구보건소(450-7090),전염병
2022,9,24,15,0,광진구,"[광진구청]4차 접종은 3차 접종 대비 코로나19 중증예방효과 50%, 사망예방효과 53%로 예방효과가 높으니 50세이상 접종권고/☎광진구보건소(450-7090)",전염병
2022,9,27,17,14,금천구,"[금천구청] 오늘 16:40경 서해안 고속도로 차량화재 발생. 서해안 고속도로 금천IC 부근 양방향 전면 통제중임을 알려드리니, 우회하시기 바랍니다.",교통
2022,9,27,17,39,금천구,"[금천구청] 서해안 고속도로 소하JC부근 화재. 상행선(성산대교 방향) 통행 재개, 하행선(목포방향) 정체",교통
2022,10,1,14,59,광진구,"[광진구청] 코로나19 백신 4차 접종은 3차 대비 중증예방은 50%, 사망예방은 53%로 예방 효과가 높으니 50세 이상 접종 권고/☎보건소(450-7090)",전염병
2022,10,10,10,48,동작구,"[동작구청] 현재 수도권 강풍주의보가 발효중입니다. 강한 바람이 예상되니 간판, 창문파손, 낙하물주의 등 안전에 유의바랍니다.",기타
2022,10,15,14,58,광진구,[광진구청] 백신 2차접종 이상 완료한 60세 이상 코로나19 동절기 추가접종(2가백신)실시. 접종예약 ncvr.kdca.go.kr /☎보건소(450-7090),전염병
2022,10,22,14,59,광진구,[광진구청]백신 2차접종 이상 완료한 60세 이상 코로나19 동절기 추가접종(2가백신)실시. 접종예약ncvr.kdca.go.kr /☎보건소콜센터(450-7090),전염병
2022,10,27,11,33,양천구,"[양천구청] 코로나19 동절기 접종 대상 확대(18세 이상), 화이자 2가백신 예약 및 독감접종문의 양천구통합콜센터 1533-0407",전염병
2022,10,29,15,1,광진구,[광진구청]11월 7일부터 2차접종 이상 완료한 18세 이상 코로나19 동절기 추가접종 실시/사전예약 ncvr.kdca.go.kr /☎보건소콜센터 450-7090,전염병
2022,10,30,0,11,용산구,[용산구청] 이태원역 해밀턴호텔 일대 사고 발생으로 인하여 통제 중. 시민께서는 이태원 방문 자제 및 차량 우회 바랍니다.,기타
2022,10,30,1,37,용산구,[용산구청] 이태원역 인근 안전사고 발생으로 추가 피해가 우려되니 시민여러분은 속히 귀가하시고 방문을 자제해주시기 바랍니다.,기타
2022,10,30,9,43,마포구,"[마포구청] 이태원 할로윈 압사사고 관련, 홍대 앞 할로윈행사가 긴급 취소되었습니다. 안전에 각별히 유의하시고, 관련 부상자 발견 시 즉시 구청으로 연락바랍니다.",기타
2022,10,30,10,3,동작구,"[동작구청] 용산 이태원 사고관련, 실종자나 인명피해가 있으시면 우리구 재난상황실로 알려주시기 바랍니다.(02-820-4088, 9931, 9929)",기타
2022,10,30,10,16,서대문구,"[서대문구청] 이태원 압사사고 관련 각종 행사를 자제하여 주시기 바라며, 실종자 접수는 02-2199-8660,8664~8678,다산콜센터120 연락바랍니다.",기타
2022,10,30,10,23,강북구,"[강북구청] 오늘 11시 삼양동에서 개최 예정인 ""빨래골축제""는 취소되었음을 알려드립니다.2022.10.30.(일)강북구재난안전대책본부장",기타
2022,10,30,10,26,강북구,"[강북구청] (정정안내) 오늘 11시 수유1동에서 개최 예정인 ""빨래골축제""는 취소되었음을 알려드립니다.2022.10.30.(일)강북구재난안전대책본부장",기타
2022,10,30,11,26,구로구,"[구로구청] 이태원 압사사고 관련, 구로구민께서는 할로윈축제 등 각종 행사를 자제하여 주시고 실종자 발생시 구로구 재난안전상황실(860-2330)로 연락바랍니다.",기타
2022,10,30,11,30,종로구,"[종로구청] 이태원 압사 사고 관련 각종 축제, 행사를 자제하여 주시고, 실종자 접수는 02-2199-8660,8664~8678, 다산콜120으로 연락바랍니다.",기타
2022,10,30,11,49,동작구,"[동작구청] 용산 이태원 사고 관련 실종자, 인명피해 접수처 정정안내합니다. 02-2199-8664~8678,02-2199-5165~5168(한남동주민센터)",기타
2022,10,30,11,53,중구,"[중구청] 이태원 사고 관련 각종 축제, 행사를 자제하여 주시고, 실종자 접수는 02-2199-8660,8664~8678, 다산콜120으로 연락바랍니다.",기타
2022,10,30,12,5,금천구,"[금천구청] 이태원 압사 사고 관련하여, 실종자 접수처 안내드립니다.02-2199-8660, 8664~8678다산콜센터120",기타
2022,10,30,12,21,은평구,"[은평구청] 용산 이태원 사고 관련, 실종자나 인명 피해가 있으시면 우리구 재난안전종합상황실(02-351-8851~4)로 알려주시기 바랍니다.",기타
2022,10,30,12,27,강남구,"[강남구청] 이태원 압사참사 관련, 강남구민께서는 할로윈 축제 등 각종 행사를 자제하시고 긴급상황 발생 시 강남구 상황실(02-3423-6000)로 연락바랍니다.",기타
2022,10,30,12,30,광진구,"[광진구청] 용산 이태원 사고 관련, 실종자나 인명피해가 있을시 신고바랍니다.☎02-2199-8664~8678,5165~5168(한남동주민센터)/02-120",기타
2022,10,30,14,5,영등포구,"[영등포구청]이태원 사고관련 실종자접수는 02)2199-8664~78(한남동센터)/국번없이 120, 영등포구재난안전상황실 02)2670-3867~9 문의바랍니다.",기타
2022,10,30,14,5,동대문구,"[동대문구청] 이태원 사고 관련 동대문구는 피해구민 지원과 사고 예방에 최선을 다하겠습니다. 실종자 접수는 02-2199-8660, 120다산콜센터로 연락바랍니다",기타
2022,10,30,14,14,송파구,"[송파구청] 용산 이태원 사고 관련 실종자, 인명피해 접수처 안내합니다. 02-2199-8664~8678, 5165~5168(한남동주민센터) / 02-120",기타
2022,10,30,15,47,강서구,"[강서구청]이태원사고 관련 실종자접수는 02)2199-8664~78(한남동센터)/120,기타 문의는 강서구상황실 02)2600-6330,6439,6471,6076",기타
2022,10,31,10,43,은평구,[은평구청] 은평구에서는 이태원사고 사망자의 안타까운 죽음을 추모하기 위해 오늘부터 11월5일(토)까지 은평문화예술회관 1층(구청 뒤)에 합동분향소가 운영됩니다.,기타
2022,10,31,11,1,은평구,"[은평구청] 은평구에서는 이태원사고와 관련, 안타까움을 추모하기 위해 금일부터 11. 5.(토)까지 은평문화예술회관 1층(구청 뒤)에 합동분향소가 운영됩니다.",기타
2022,10,31,13,25,양천구,"[양천구청] 이태원사고 관련 양천구는 애도기간 중 축제성 행사를 취소, 연기하고, 양천구청 1층 로비에 합동분향소를 운영합니다.",기타
2022,10,31,14,38,서대문구,"[서대문구청] 서대문구는 이태원 사고 희생자를 추모하기 위해 오늘부터 11.5.(토)까지 서대문구청 1층, 신촌 파랑고래 2곳에서 합동분향소를 운영합니다.",기타
2022,10,31,18,15,서대문구,"[서대문구청] 이태원 사고 희생자 가족분들께 깊은 애도와 위로를 전하며, 국가애도기간(~11.5.)내에 각종 행사와 축제를 자제하여 주시기 바랍니다.",기타
2022,11,1,10,7,강서구,"[강서구청] 이태원사고 관련 강서구는 국가애도기간(10.31.~11.5.) 중 축제성 행사를 취소, 연기하고 강서구청 본관 앞 합동분양소 운영합니다(08~22시)",기타
2022,11,1,10,55,강서구,"[강서구청]이태원사고 관련 강서구는 국가 애도기간(10.31.~11.5.) 중 축제성 행사를 취소, 연기하고 강서구청 본관 앞 합동분향소 운영합니다(08~22시)",기타
2022,11,2,17,14,양천구,"[양천구청] 이태원사고 부상자는 22.11.8(화)까지 피해신고 바랍니다. (www.yangcheon.go.kr, 안전재난과 2620-4380)",기타
2022,11,4,11,12,동대문구,[동대문구청] 금일 10:32경 동대문구 청량리동 293번지 음식점 화재 발생. 인근 주민은 안전사고 발생에 유의바라며 현재 교통통제 중이니 우회바랍니다.,기타
2022,11,5,15,4,광진구,[광진구청]11월 7일부터 2차접종 이상 완료한 18세 이상 코로나19 동절기 추가접종 실시/사전예약 ncvr.kdca.go.kr/☎ 보건소콜센터 450-7090,전염병
2022,11,5,15,37,은평구,[은평구청] 은평구 북한산 족두리봉(불광동 산42-1부근) 화재발생. 근처에 계신 등산객들은 대피하시고 화재 지역으로 접근하지 마시기 바랍니다.,기타
2022,11,6,22,31,영등포구,[영등포구청] 오늘 20시 53분경 영등포역에서 발생한 열차 탈선 사고는 복구완료되었사오니 철도이용객 분들은 참고하시기 바랍니다.,교통
2022,11,7,9,13,구로구,[구로구청] 영등포역 무궁화호 탈선으로 인한 열차 지연으로 지하철 1호선 각 역마다 인파가 몰리고 있어 매우 혼잡하오니 다른 대중교통을 이용 바랍니다.,교통
2022,11,7,9,56,영등포구,[영등포구청]전일 영등포역 무궁화호 탈선으로 인한 영등포역 무정차 열차운행 및 지하철1호선은 지연 운영되고 있어 혼잡 하오니 다른 교통수단 이용 등 참고 바랍니다,교통
2022,11,7,17,36,구로구,"[구로구청]11월 6일 영등포역 열차 탈선사고 여파로 1호선 구로역, 신도림역 등 퇴근길 혼잡이 예상되오니, 다른 대중교통을 이용하여 안전에 유의하시기 바랍니다.",교통
2022,11,12,14,55,광진구,[광진구청] 11월 7일부터 2차접종 이상 완료한 18세 이상 코로나19 동절기 추가접종 실시/사전예약ncvr.kdca.go.kr/☏ 보건소콜센터 450-7090,전염병
2022,11,12,22,37,금천구,[금천구청] 금일 집중호우로 인한 피해예방을 위하여 배수시설 점검 및 침수취약지역 주민들의 각별한 유의 바랍니다.,호우
2022,11,12,23,19,영등포구,[영등포구청] 금일 호우와 낙엽으로 인한 빗물받이 막힘 등 배수불량으로 도로 노면수가 유입되고 있으니 침수 및 안전에 유의하여 주시기 바랍니다.,호우
2022,11,12,23,47,용산구,[용산구청] 호우와 낙엽으로 인한 배수불량 등 도로 노면수가 유입될 우려가 있으니 침수피해 및 안전에 유의하여 주시기 바랍니다.,호우
2022,11,17,18,16,강서구,[강서구청]인천수도권매립지 부취제 유출로 인해 강서구에 악취 발생. 수도권매립지공사에 따르면 현재 방재 작업 완료하였으니 참고하시기 바랍니다.,기타
2022,11,17,19,1,은평구,"[은평구청]금일 16시경 인천수도권매립지 부취제 유출로 은평구 일부 지역 악취 발생. 수도권매립지공사에 따르면 현재 방재 작업 완료하였으니, 참고하시기 바랍니다.",기타
2022,11,17,19,3,영등포구,[영등포구청] 신림선 보라매공원역 상선 안내레일 이격(궤도 이상)으로 긴급 복구작업으로 신림선 전구간 운행중지 중입니다. 다른 대중교통 등을 이용해주시기 바랍니다,교통
2022,11,19,15,0,광진구,[광진구청]백신 2차접종 이상 완료한 18세 이상 코로나19 동절기 추가접종(2가백신)실시/ 접종예약 ncvr.kdca.go.kr /☎보건소콜센터 450-7090,전염병
2022,11,24,17,30,종로구,[종로구청] 금일 11.24. 광화문광장 카타르 월드컵 거리응원으로 인해 교통혼잡이 예상되오니 교통정보 확인 및 우회 바랍니다.,교통
2022,11,24,17,38,구로구,[구로구청]금일 22:00 월드컵 경기 시 다중이용시설 등 많은 인원이 밀집되는 장소 및 광화문 길거리 응원 등 안전사고예방을 위해 각별히 주의해주시기 바랍니다.,기타
2022,11,24,17,58,금천구,[금천구청]금일 22:00 월드컵경기 시 다중이용시설 등 많은 인원이 밀집되는 장소 및 광화문 길거리 응원 등 안전사고 예방을 위해 각별히 주의해주시기 바랍니다.,기타
2022,11,24,18,55,용산구,[용산구청] 금일 22:00 월드컵 거리응원 시 많은 인파가 밀집되는 장소 방문을 자제해주시고 안전 사고 예방에 각별히 주의해주시기 바랍니다.,기타
2022,11,24,20,13,마포구,[마포구청] 금일 22:00 월드컵 거리응원 시 많은 인파가 밀집되는 장소 방문을 자제해 주시고 안전 사고 예방에 각별히 주의해 주시기 바랍니다.,기타
2022,11,24,20,26,은평구,"[은평구청] 금일 22:00 월드컵 거리 응원 시 많은 인파가 밀집되는 장소 방문을 자제해 주시고, 안전사고 예방을 위해 각별히 주의해 주시기 바랍니다.",기타
2022,11,24,21,15,중구,"[중구청] 월드컵 거리응원전으로 광화문광장 일대 인파 밀집 및 교통혼잡 등이 예상되오니, 이 지역을 우회하여 주시고 안전에 유의하시기 바랍니다.",교통
2022,11,25,11,20,종로구,[종로구청] 코로나 재유행 대비 안전하고 효과적인 2가 백신 18세이상 동절기접종 적극 참여 바랍니다. (접종간격: 마지막 접종일 기준 3개월 후),전염병
2022,11,26,15,2,광진구,[광진구청]백신 2차접종 이상 완료한 18세 이상 코로나19 동절기 추가접종(2가백신)실시/ 접종예약 ncvr.kdca.go.kr /☎보건소콜센터 450-7090,전염병
2022,11,28,10,34,금천구,[금천구청] 오늘 10:02경 가산동 한국건설생활환경시험연구원 2층 실험실 화재 발생. 이 지역을 우회하여 주시고 인근 주민은 안전사고 발생에 유의 바랍니다.,기타
2022,11,28,11,51,금천구,"[금천구청] 오늘 10:02경 가산동 459-28번지 한국건설생활환경시험연구원 화재 발생으로 인근 도로 통제하오니, 인근지역 운행 차량은 우회하여주시기 바랍니다.",교통
2022,11,28,17,30,종로구,[종로구청] 금일 11.28. 광화문광장 카타르 월드컵 거리응원 및 호우 예상으로 인해 교통혼잡이 예상되오니 교통정보 확인 및 안전에 주의하시기 바랍니다.,교통
2022,11,28,17,47,금천구,"[금천구청] 금일 야간부터 내일 새벽시간대  많은 강우가 예상되오니, 시민분들께서 배수불량으로 인한 피해가 없도록 각별히 주의해주시기 바랍니다.",호우
2022,11,28,18,43,용산구,[용산구청] 금일(28일) 밤 사이 강우가 예상되오니 저지대 등 취약지역에 거주하는 구민분들께서는 주변 배수로를 점검하는 등 안전에 유의하시기 바랍니다.,호우
2022,11,28,20,47,성동구,[성동구청] 현재 행당.응봉동 일대 정전 발생. 소방서와 한전이 긴급복구 중으로 최대한 신속히 복구하겠습니다. 불편을 드려 송구합니다.,기타
2022,11,28,21,26,성동구,[성동구청] 오후 8시경 발생한 행당.응봉동 일대 정전은 한전 작업 완료로 모두 복구되었음을 알려드립니다. 불편을 드려 송구합니다.,기타
2022,11,29,17,11,광진구,"[광진구청] 오늘 18시 이후 광진구 내에 한파경보 발효예정, 한랭질환예방을 위해야외활동을 자제하고 수도관보온조치, 온열기화재예방 등 안전에 주의하시기바랍니다.",한파
2022,11,29,17,14,구로구,"[구로구청] 금일 18:00 한파경보 발효. 체감온도가 영하로 떨어지오니 가급적 외출을 자제하시고 수도관 동파방지, 화재예방 등 시설관리에 유의해주시기 바랍니다.",한파
2022,11,29,17,30,용산구,"[용산구청] 오늘 18시 한파경보 발효. 노약자 보온 유지, 동상, 낙상 방지를 위해 야외활동 자제, 수도관 등 보온조치, 온열기 화재방지 등 주의 바랍니다.",한파
2022,11,29,17,43,영등포구,"[영등포구청]오늘 저녁 6시부터 체감기온이 영하로 떨어질 예정입니다. 동파, 노약자 외출자제, 도로결빙으로 낙상주의 바라며 내주변 어려운 이웃에 대한 관심바랍니다",한파
2022,11,29,17,56,강남구,"[강남구청]내일 아침 최저기온 영하 7도, 체감온도 영하 13도까지 떨어질 것으로 예상되오니, 야외활동을 자제하시고 수도계량기 보온 등 예방조치 하시기 바랍니다.",한파
2022,11,29,17,57,중구,"[중구청] 11월 29일 18:00 서울전역 한파경보 발령, 야외활동을 자제하여 주시기 바라며, 수도계량기는 헌옷 등으로 감싸서 동파를 방지해주시기 바랍니다.",한파
2022,11,29,18,0,성동구,"[성동구청] 금일 18시 성동구 전역 한파경보 발효. 노약자 체온 유지 및 야외활동 자제, 수도관 보온조치, 도로 결빙 등 안전에 유의하시기 바랍니다.",한파
2022,11,29,18,31,양천구,"[양천구청] 오늘 18시 한파 경보 발효, 노약자 체온 유지 및 야외활동 자제, 수도관 보온조치, 도로 결빙, 화재 등 안전에 유의하시기 바랍니다.",한파
2022,11,30,7,22,은평구,"[은평구청] 오늘 체감온도가 영하 15도로 등굣길과 출근길, 외출시에 목도리, 모자, 장갑  착용 등 보온에 유의하시고 가급적 야외활동을 자제하여 주시기 바랍니다",한파
2022,11,30,13,15,종로구,[종로구청] 코로나 재유행 대비 안전하고 효과적인 2가 백신 18세이상 동절기접종 적극 참여 바랍니다. (접종간격: 마지막 접종일 기준 3개월 후),전염병
2022,11,30,18,57,구로구,"[구로구청] 금일 지하철 파업으로 인한 열차 지연으로 구로, 신도림역 등 인파가 몰리고 있어 매우 혼잡하오니 교통정보 확인 및 안전에 주의해주시기 바랍니다.",교통
2022,12,2,19,20,강서구,[강서구청] 내일(12. 3.) 오전 5시부터 1cm 이상의 눈 예보가 있으니 기온 저하 시 도로결빙으로 인한 미끄럼 사고에 유의하여 주시기 바랍니다.,대설
2022,12,2,20,57,금천구,"[금천구청] 12.3.(토) 아침부터 강설이 예정되어 있으므로, 가급적 대중교통을 이용하여 주시기 바랍니다.",대설
2022,12,3,15,0,광진구,[광진구청]18세 이상 동절기 코로나19백신 추가접종/마지막 접종일 기준 3개월 이후 접종가능/사전예약없이 의료기관 접종 가능(백신보유확인필요)/☎450-7090,전염병
2022,12,5,10,11,노원구,"[노원구청] 청원초 인근 열수송관 누수 긴급보수. 상계대림, 임광, 한신1,2차, 보람, 신동아, 주공 7,9,10,12,13,14단지 급탕 및 난방 일시 중단",기타
2022,12,5,20,1,노원구,[노원구청] 19:55경 상계동 청원초교 인근 열수송관 누수 임시복구 및 통수 완료. 추후 도로 포장 등 정상 복구시까지 불편이 예상되니 양해 바랍니다.,기타
2022,12,7,10,10,종로구,[종로구청] 코로나 재유행 대비 안전하고 효과적인 2가 백신 18세이상 동절기접종 적극 참여 바랍니다. (접종간격: 마지막 접종일 기준 3개월 후),전염병
2022,12,12,8,4,영등포구,[영등포구청]오늘 서울시 영등포구 도림로 436-1(문래동3가)인근 화재로 인한 교통혼잡이 예상되오니 인근 주민들께서는 참고바랍니다.,기타
2022,12,13,14,1,광진구,"[광진구청] 오늘 21시 이후 광진구 전역 한파주의보 발효예정 한랭질환예방을 위해 야외활동 자제, 수도관 보온, 온열기 화재 예방 등 안전에 주의하시기 바랍니다.",한파
2022,12,13,14,50,금천구,"[금천구청] 금일 1~4cm의 강설이 예상되니, 가급적 대중교통을 이용해 주시고 운전 시 감속 운행 및 미끄럼 사고에 주의 바랍니다.",대설
2022,12,13,15,57,용산구,"[용산구청] 금일 한파주의보 발령 및 눈 예보가 있으니 주민들께서는 야외활동 자제, 대중교통 이용, 수도 동파대비, 온열기 화재예방 등 안전에 유의 바랍니다.",한파
2022,12,13,17,3,영등포구,"[영등포구청]오늘 밤 9시부터 한파특보가 발효되었으니, 야외활동 자제, 도로결빙에 따른 낙상주의, 대중교통이용, 수도동파 및 화재 예방 등 안전에 유의 바랍니다.",한파
2022,12,13,17,29,동작구,"[동작구청] 현재 강설로 도로결빙 우려 및 금일 21시 한파주의보 발효 예정으로 보온유지, 야외활동자제, 화재안전, 수도동파예방 등 안전에 유의 바랍니다.",대설
2022,12,13,17,41,구로구,"[구로구청] 금일 한파특보 발효 및 계속적인 눈 예보가 있으니 야외활동을 자제해주시고, 수도동파 및 화재예방 등 안전사고 대비에 만전을 기해주시기 바랍니다.",한파
2022,12,13,17,57,관악구,"[관악구청] 금일 강설 및 한파주의보 발효로 인한 도로결빙, 낙상이 예상되오니 야외활동 자제, 대중교통 이용바라며, 수도동파 및 온열기 화재예방 등 유의바랍니다.",한파
2022,12,13,17,59,강남구,"[강남구청] 오늘 21시 강남구 전역 한파주의보 발효 예정, 도로결빙에 따른 미끄럼 사고 주의, 수도 동파 방지, 온열기 화재예방 등 안전에 유의하시기 바랍니다.",한파
2022,12,13,18,30,종로구,"[종로구청] 금일 21시 한파주의보 발효, 14일 최저기온 -10도(체감온도-14도), 화재안전, 수도동파예방, 보온유지 및 건강관리에 유의하시기 바랍니다.",한파
2022,12,13,18,51,양천구,"[양천구청] 금일 강설 및 한파주의보 발효로 인한 도로결빙, 낙상이 예상되오니 야외활동 자제, 대중교통 이용바라며, 수도동파 및 온열기 화재예방 등 유의바랍니다.",한파
2022,12,13,19,10,강서구,[강서구청] 금일 내린 눈과 기온 강하로 도로 결빙이 우려되오니 출근 시 대중교통을 이용하여 주시고 운전 시 감속 운행 및 미끄럼 사고에 주의하시기 바랍니다.,대설
2022,12,13,20,24,강동구,"[강동구청]금일 한파주의보가 발효(21시) 예정입니다. 도로 결빙에 따른 미끄럼 사고주의와 수도 동파 방지, 온열기 화재예방 등 안전에 유의하시기 바랍니다.",한파
2022,12,14,6,1,강동구,"[강동구청]눈이 내려 도로가 얼어 미끄러운 곳이 있겠습니다. 교통정체가 예상되오니 대중교통을 이용해주시고, 보행시 낙상사고에 주의하시기 바랍니다.",대설
2022,12,14,7,37,은평구,"[은평구청] 아침 체감온도가 영하 10도로 야외활동을 자제하시고, 외출시 방한용품 착용, 난방기기 사용 증가에 따른 화재안전사고에 각별히 유의하시기 바랍니다.",한파
2022,12,14,10,0,종로구,[종로구청] 코로나 재유행 대비 안전하고 효과적인 2가 백신 18세이상 동절기접종 적극 참여 바랍니다. (접종간격: 마지막 접종일 기준 3개월 후),전염병
2022,12,14,19,3,서초구,"[서초구청] 12월15일 서울전역 대설예비특보 발령 3~8cm 눈예보로 출퇴근길 교통혼잡 예상되니, 가급적 대중교통을 이용하고 안전사고에 유의해 주시기 바랍니다.",대설
2022,12,15,6,52,양천구,"[양천구청]12월15일 서울전역 대설 예비특보 발령3~8cm 눈예보로 출퇴근길 교통혼잡이 예상되오니, 가급적 대중교통을 이용하고 안전사고에 유의해 주시기 바랍니다",대설
2022,12,15,7,0,서초구,"[서초구청] 12월15일 서울전역 대설예비특보 발령 3~8cm 눈예보로 출퇴근길 교통혼잡 예상되니, 가급적 대중교통을 이용하고 안전사고에 유의해 주시기 바랍니다.",대설
2022,12,15,7,42,강남구,"[강남구청] 오늘(15일,목) 서울 전역에 많은눈이 내릴것으로 예상됩니다. 출근시 대중교통을 이용해주시고, 운전시 감속운전 및 미끄럼사고에 주의하시기 바랍니다.",대설
2022,12,15,7,58,은평구,[은평구청]오늘 최대 8㎝ 눈 예보로 교통혼잡이 예상되니 차량이용을 자제하고 가급적 대중교통을 이용하시기 바라며 미끄러짐 등 안전사고 예방에 유의하시기 바랍니다.,대설
2022,12,15,8,13,동작구,[동작구청]오늘 서울전역에 3~8㎝에 많은 눈이 내릴것으로 전망됩니다. 출퇴근시  대중교통을 이용하시기 바라며 안전사고에 유의하시기 바랍니다.,대설
2022,12,15,8,34,영등포구,"[영등포구청]오늘(15일,목) 서울 전역에 많은 눈이 내릴것으로 예상됩니다. 내 집앞·점포앞 눈치우기, 대중교통 이용하기, 미끄럼 사고방지 등 안전에 유의바랍니다",대설
2022,12,15,9,0,금천구,"[금천구청] 오늘 3~8cm 눈 예보가 있으므로, 가급적 대중교통을 이용해 주시기 바라며, 보행자는 보행 시 낙상사고에 주의하여 주시기 바랍니다.",대설
2022,12,15,9,16,관악구,"[관악구청] 금일 대설주의보 발효 및 한파로 인한 도로결빙이 예상되오니, 내집 앞 눈쓸기, 대중교통 이용바라며 낙상사고, 온열기 화재 등 안전사고에 유의바랍니다.",대설
2022,12,15,9,17,강북구,"[강북구청]오늘(15일,목) 서울 전역에 많은 눈이 예보되어 있습니다. 내 집앞, 점포앞 눈치우기, 대중교통 이용하기, 미끄럼 사고방지 등 안전에 유의바랍니다.",대설
2022,12,15,9,28,종로구,"[종로구청] 오늘(15일,목) 서울 전역에 많은 눈이 내릴것으로 예상됩니다. 내 집·점포앞 눈치우기, 대중교통 이용하기, 미끄럼 사고방지 등 안전에 유의바랍니다.",대설
2022,12,15,10,28,동작구,"[동작구청] 금일(15일,목) 대설주의보 발효로 인한 폭설이 예상되오니, 내집앞·점포앞 눈치우기, 대중교통 이용하기, 미끄럼 사고방지 등 안전에 유의 바랍니다.",대설
2022,12,15,10,52,노원구,"[노원구청] 오늘(15일, 목) 12시부터 노원구에 시간당 1cm 강설 예보가 있으니 내집 내점포앞 눈치우기, 대중교통 이용 등 안전사고에 유의하시기 바랍니다.",대설
2022,12,15,11,6,광진구,[광진구청] 12.15.(목) 09:00 : 서울(전지역) 대설주의보 발효. 대중교통을 이용하시고 눈길 안전에 주의하시기 바랍니다.,대설
2022,12,15,11,17,도봉구,"[도봉구청]오늘 도봉구 전 지역에 많은 눈이 예보되어 있습니다. 내집·내점포 앞 눈치우기, 대중교통 이용하기, 미끄럼 사고방지 등 안전사고에 유의하시기 바랍니다.",대설
2022,12,15,12,32,강남구,[강남구청] 오늘 정오경 부터 강남구 전지역에 많은 눈이 예보되어 있습니다. 내집/내점포 앞 눈치우기 및 미끄럼 사고방지 등 안전사고에 유의하시기 바랍니다.,대설
2022,12,15,13,2,용산구,"[용산구청] 오늘 대설주의보 발효로 많은 눈이 예상되오니 외출시 빙판길 낙상주의 및 감속운전, 수도관 동파 방지, 온열기 화재 예방 등 안전사고에 유의 바랍니다.",대설
2022,12,15,13,33,구로구,"[구로구청] 현재 구로구 전 지역에 많은 눈이 내리고 있으니, 대중교통을 이용해주시고 보행 및 운전 시 미끄럼 사고에 유의해주시기 바랍니다.",대설
2022,12,15,14,21,영등포구,"[영등포구청] 현재 대설주의보가 발효되었으며 영등포구 전지역에 눈이 내리고 있습니다. 내 집앞/점포 앞 눈치우기, 미끄럼 사고방지 등 안전에 유의하시기 바랍니다.",대설
2022,12,15,14,24,동작구,"[동작구청] 금일(15일,목) 대설주의보 발효로 인한 도로결빙이 예상되오니, 내집·점포앞 눈치우기, 대중교통 이용하기, 미끄럼 사고방지 등 안전에 유의 바랍니다.",대설
2022,12,15,15,4,관악구,"[관악구청] 금일(15일,목) 대설주의보 발효로 인한 도로결빙이 예상되오니 내 집/내 점포 앞 눈치우기, 미끄럼 사고방지 등 안전에 유의하시기 바랍니다.",대설
2022,12,15,16,29,강서구,"[강서구청] 내일 새벽까지 기온이 영하권으로 떨어질 예정으로 빙판길에 유의하여 주시고, 내 집, 내 점포 앞 눈치우기를 생활하하여 주시기 바랍니다.",한파
2022,12,15,17,14,금천구,"[금천구청] 오늘 강설 및 기온 하강에 따라 도로결빙이 우려되므로 가급적 대중교통을 이용해 주시기 바라며, 보행자는 보행 시 낙상사고에 주의하여 주시기 바랍니다.",한파
2022,12,15,18,19,강동구,[강동구청]현재 이면도로 등 3cm 정도 내린 눈이 얼어 통행불편(미끄럼 사고 등) 발생. 대중교통 이용 및 내집·내점포 앞 눈치우기에 적극 동참 바랍니다.,한파
2022,12,17,10,29,광진구,"[광진구청] 오늘 21시 이후 광진구 전역 한파특보 발효예정, 한랭질환 예방을 위해 야외활동 자제,수도관 보온조치,온열기 화재예방 등 안전에 주의하시기바랍니다.",한파
2022,12,17,14,59,광진구,[광진구청]18세 이상 동절기 코로나19백신 추가접종/마지막 접종일 기준 3개월 이후 접종가능/사전예약없이 의료기관 접종 가능(백신보유확인필요)/☎450-7090,전염병
2022,12,17,17,0,강남구,"[강남구청] 금일 21시 한파주의보 발효, 한랭질한 예방을 위해 노약자 등 야외활동 자제해주시고 수도 동파 방지, 온열기 화재예방 등 안전에 유의하시기 바랍니다.",한파
2022,12,17,17,54,동작구,"[동작구청]오늘(17일) 21시부로 한파주의보 발효, 외출 시 방한용품 착용(가급적 외출 자제), 계량기 동파ㆍ난방사고ㆍ빙판길 미끄럼 사고에 유의바랍니다.",한파
2022,12,17,18,27,관악구,"[관악구청]오늘밤 9시부터 한파주의보 발효, 가급적 외출 자제, 외출 시 방한용품 착용, 계량기 동파, 난방사고, 빙판길 미끄럼 사고에 유의바랍니다.",한파
2022,12,17,20,21,은평구,"[은평구청] 금일 밤부터 강추위가 예상되며, 외출 자제, 방한용품 착용, 수도계량기 동파, 난방으로 인한 화재, 빙판길 미끄럼 등 안전사고에 유의하시기 바랍니다.",한파
2022,12,17,22,45,강남구,"[강남구청] 금일 밤부터 -15도 강추위가 예상되고 있습니다. 수도관 동파, 온열기 화재, 빙판길 미끄럼 등 안전사고에 유의하시기 바랍니다.",한파
2022,12,18,17,9,영등포구,"[영등포구청]매서운 한파가 지속되고 있습니다. 노약자분들은 외출을 자제해주시고, 헌옷 등을 활용한 수도계랑기 동파예방 및 난방용품에 의한 화재예방에 유의바랍니다.",한파
2022,12,18,17,37,관악구,"[관악구청] 강추위가 계속되고 있습니다. 가급적 외출을 자제하시고 독거어르신 안부확인, 헌옷을 활용한 계량기 동파방지, 난방용품 화재예방에 주의바랍니다.",한파
2022,12,20,10,16,종로구,[종로구청] 코로나 재유행 대비 안전하고 효과적인 2가백신 18세이상 동절기접종 적극 참여 바랍니다. (접종간격: 마지막 접종일 기준 3개월 후),전염병
2022,12,20,15,53,은평구,"[은평구청] 내일 새벽부터 오전 사이에 많은 눈이 내릴 것으로 예상되오니 출퇴근길 대중교통을 이용하시기 바라며, 보행시 낙상사고 등 안전에 주의하시기 바랍니다.",대설
2022,12,20,17,5,영등포구,"[영등포구청] 내일(21일, 수) 새벽부터 최대 8cm 눈 예보가 있습니다. 출근길 대중교통을 이용하여 주시고 보행시 미끄럼 사고에 유의하시기 바랍니다.",대설
2022,12,20,17,40,서초구,[서초구청]내일(21일)새벽~오전사이 서울지역대설예비특보3~8cm눈예보로 출퇴근 교통혼잡등 보행및운전시 안전사고 유의하시고 가급적 대중교통을 이용해주시기바랍니다.,대설
2022,12,20,17,40,동작구,"[동작구청] 내일(21일,수) 새벽부터 최대 8CM 눈 예보가 있습니다. 내집·내점포 앞 눈치우기, 대중교통 이용하기, 미끄럼 사고방지 등 안전에 유의 바랍니다.",대설
2022,12,20,18,5,양천구,"[양천구청] 12월21일 서울전역 대설예비특보발령 3~8cm 눈예보로 출퇴근길 교통혼잡이 예상되오니, 가급적 대중교통을 이용하고 안전사고에 유의해주시기 바랍니다.",대설
2022,12,20,18,9,금천구,"[금천구청] 내일 새벽부터 3~8cm의 눈 예보가 있으므로, 가급적 대중교통을 이용해 주시기 바라며, 보행 시 낙상사고에 주의하여 주시기 바랍니다.",대설
2022,12,20,18,17,강북구,"[강북구청]내일(21일, 수) 새벽부터 최대 8cm 눈 예보로 출근길 대중교통 이용바라며, 내 집 앞 눈치우기에 적극 동참하여 안전사고 예방에 도움 부탁드립니다.",대설
2022,12,20,18,21,강서구,"[강서구청]내일(21일) 새벽부터 최대 8cm 눈 예보가 있으니 출근길에 대중교통을 이용하여주시고 '내 집,내 점포앞 눈치우기'에 적극 동참하여 주시기 바랍니다.",대설
2022,12,20,18,24,구로구,[구로구청]내일 새벽부터 최대 8cm 눈 예보가 있습니다. 도로결빙 및 교통혼잡이 우려되므로 출근길 대중교통 이용 및 운전 시 감속운행 등 안전에 유의 바랍니다.,대설
2022,12,20,18,31,노원구,"[노원구청] 관내 익일(21)일 새벽부터 최대 8cm 눈 예보가 있으니 내집 내점포앞 스스로 눈치우기, 대중교통 이용 등 결빙 안전사고에 유의하시기 바랍니다.",대설
2022,12,20,20,21,도봉구,"[도봉구청] 내일(21일, 수) 새벽부터 최대 8cm 눈 예보가 있으니, 출근길 대중교통 이용을 부탁드리며, 낙상 등 안전사고에 주의바랍니다.",대설
2022,12,20,21,0,용산구,"[용산구청] 내일(21일, 수) 새벽부터 3~8cm 눈 예보가 있어 교통혼잡이 우려되므로, 출근길 대중교통 이용 및 미끄럼 사고 등 안전에 유의하시기 바랍니다.",대설
2022,12,20,21,54,강남구,[강남구청] 내일 새벽 최대 8cm 많은 눈 예보가 있어 도로결빙 및 교통혼잡이 우려되므로 출근길 대중교통 이용 및 미끄럼 사고 등 안전에 유의하시기 바랍니다.,대설
2022,12,21,6,11,노원구,[노원구청] 서울전역 대설주의보가 발령되어 많은 눈이 내리고 있습니다. 내집 내점포앞 눈치우기에 적극 동참해주시고 가급적 대중교통을 이용해 주시기 바랍니다.,대설
2022,12,21,6,18,서초구,"[서초구청]서울전역 대설주의보로 출근길 교통혼잡및안전사고가 우려되오니 가급적 대중교통을 이용해주시고, 아울러 내집, 내점포 앞 눈치우기에 적극 참여 부탁드립니다.",대설
2022,12,21,6,50,성북구,"[성북구청] 서울전역 대설주의보가 발령되어 많은 눈이 내리고 있으니, 내 집 내 점포 앞 눈 치우기에 적극 동참해주시고 가급적 대중교통을 이용해 주시기 바랍니다.",대설
2022,12,21,7,6,강남구,"[강남구청] 서울전역06:00부 대설주의보 발령에따라 출근길 교통혼잡이 예상되오니 가급적 대중교통을 이용해주시고, 눈으로 인한 미끄럼사고에 유의하시기 바랍니다.",대설
2022,12,21,7,18,강북구,"[강북구청] 서울전역 대설주의보가 발효되어 많은 눈이 내리고 있습니다. 내집, 내 점포앞 눈치우기에 적극 동참해주시고, 가급적 대중교통을 이용해 주시기 바랍니다.",대설
2022,12,21,7,47,은평구,"[은평구청] 오늘 오후까지 많은 눈이 내릴 것으로 예상되고 쌓인 눈이 얼어 응달진 이면도로, 보도 등 빙판길 보행 및 교통안전에 주의하시기 바랍니다.",대설
2022,12,21,7,47,영등포구,"[영등포구청]오늘 새벽 내린 눈으로 도로가 매우 미끄럽습니다. 낙상사고에 각별한 주의와 가급적 대중교통을 이용바라며, 내집·내점포 앞 눈치우기에 적극 동참바랍니다",대설
2022,12,21,7,55,중랑구,"[중랑구청] 많은 눈이 계속 내리고 있습니다. 출근 시간대 교통혼잡이 예상되니 대중교통을 이용하여 주시기 바라며, 내집앞 눈치우기에 적극 참여 바랍니다.",대설
2022,12,21,7,58,도봉구,[도봉구청] 도봉구 전역 대설주의보가 발령되어 많은 눈이 내리고 있습니다. ▲내집 내점포앞 눈치우기 적극 동참▲대중교통이용▲안전사고에 유의해주시기 바랍니다.,대설
2022,12,21,7,59,구로구,"[구로구청] 서울 전역 대설주의보 발효로 출근길 교통혼잡이 예상되오니 가급적 대중교통을 이용해주시고, 보행·운전 시 미끄럼 및 낙상사고에 유의해주시기 바랍니다.",대설
2022,12,21,8,17,강동구,"[강동구청] 서울전역 강설에 따른 출근길 교통혼잡이 예상되오니 대중교통 이용 및 미끄럼 사고 유의. 내집, 내점포 앞 눈치우기에 적극 동참 바랍니다.",대설
2022,12,21,10,26,은평구,"[은평구청] 주민안전을 위해 내집, 내점포 앞 눈치우기에 적극 동참해주시고 주택과 골목길 등 결빙으로 보행 불편 시 해당 동 주민센터로 문의하여 주시기 바랍니다.",대설
2022,12,21,12,38,광진구,"[광진구청]오늘 21시 이후 서울 전역 한파특보 발효예정, 야외활동 자제, 빙판길사고 유의, 수도관 보온조치, 온열기 화재예방 등 안전에 주의 하시기바랍니다.",한파
2022,12,21,17,0,강남구,"[강남구청] 금일21시 강남구 한파주의보 발효, 저녁 급격한 기온 하락으로 한파 피해 예상, 어르신 안부확인, 수도관 동파, 미끄럼 사고 등 안전에 유의바랍니다.",한파
2022,12,21,17,15,도봉구,"[도봉구청] 12.21(수) 저녁 9시경, 도봉구 전역 한파특보 발효예정. 빙판길 사고, 수도 계량기 동파, 온열기 화재예방 등 안전에 주의하시기 바랍니다.",한파
2022,12,21,17,39,동작구,"[동작구청]금일 21시부로 한파주의보 발효예정, 야외활동 자제, 수도관 보온조치ㆍ온열기 화재예방, 미끄럼사고 유의, 차량 감속운행 등 한파에 대비하시기 바랍니다.",한파
2022,12,21,17,53,강북구,"[강북구청]오늘 21시경 한파 특보 발효되어 영하의 기온으로 도로결빙 우려되오니, 출퇴근시 가급적 대중교통 이용바라며, 수도계량기 동파 등 사전에 대비 바랍니다.",한파
2022,12,21,18,4,관악구,"[관악구청]오늘 21시부터 한파주의보 발효. 가급적 외출 자제, 외출시 방한용품 착용, 수도관 및 계량기 동파방지, 화재예방, 빙판길 미끄럼 사고에 유의바랍니다.",한파
2022,12,21,18,11,중랑구,"[중랑구청] 내일 새벽부터 강추위가 예상됩니다. 수도계량기, 보일러 동파방지를 위한 보온조치와 빙판길 미끄럼, 난방기 화재 등 안전사고에 유의하시기 바랍니다.",한파
2022,12,21,18,22,영등포구,"[영등포구청]《오늘 밤 9시 한파특보 발효 예정》 도로결빙에 따른 낙상사고 주의, 노약자분들은 외출자제와 수도계량기 동파 및 전열기기 화재에 대비하시기 바랍니다.",한파
2022,12,21,19,16,강서구,"[강서구청] 오늘 밤부터 기온이 영하로 떨어질 것으로 예상되오니, 내린 눈으로 인한 빙판길 미끄럼 사고에 유의하여 주시기 바랍니다.",한파
2022,12,21,21,9,금천구,"[금천구청] 오늘 21시 한파 주의보 발효. 야외활동 자제, 외출시 보온 유의, 도로 결빙 주의 및 수도계량기 동파방지 등에 주의하여 주시기 바랍니다.",한파
2022,12,22,17,7,강남구,"[강남구청] 밤사이 급격한 기온 하락으로 한파 피해가 예상되오니, 외출 자제, 수도관 동파 예방, 난방기기 화재주의, 미끄럼 사고 등 안전에 유의하시기 바랍니다.",한파
2022,12,22,17,30,종로구,"[종로구청] 밤사이 급격한 기온 하락으로 한파 피해가 예상되오니, 외출 자제, 수도관 동파 예방, 난방기기 화재주의, 보온유지 및 건강관리에 유의하시기 바랍니다.",한파
2022,12,22,18,13,동작구,"[동작구청]한파주의보 발효 중 - 오늘 최저 영하 14도로 강추위 예상되니 야외활동 자제, 보온 유지 바라며, 계량기 동파ㆍ미끄럼 사고에 유의하기 바랍니다.",한파
2022,12,22,18,19,영등포구,"[영등포구청] 내일 금요일은 ""체감온도 -22도 시베리아 한파""가 예상됩니다수도관(계량기) 동파 대비, 화재 예방, 노약자분들은 건강관리에 유의하시기 바랍니다.",한파
2022,12,22,18,52,관악구,"[관악구청] 강추위가 계속되고 있습니다. 가급적 외출을 자제하시고, 노약자 안부확인, 계량기 동파방지, 빙판길 및 도로살얼음 유의, 온열기 화재에 주의바랍니다.",한파
2022,12,22,19,29,중랑구,"[중랑구청] 한파경보가 발효되어 내일 아침 최저온도가 영하 14도까지 내려가오니, 외출시에는 방한용품을 따뜻하게 착용하시고, 도로가 미끄러우니 조심하시기 바랍니다",한파
2022,12,22,19,54,구로구,[구로구청] 현재 한파주의보 발효 중으로 강추위가 예상되오니 야외활동 시 보온유지해주시기 바라며 수도계량기 동파예방 및 난방기기 화재주의 등 안전에 유의바랍니다.,한파
2022,12,22,21,58,강북구,[강북구청]금일 18시부로 한파경보 발효중으로 도로결빙이 우려되오니 출퇴근시 대중교통을 이용해주시고 동파 유의 및 온열기 화재예방 등 안전에 주의하시기 바랍니다.,한파
2022,12,23,7,59,서대문구,"[서대문구청]06:24경 3호선 무악재역 선로 화재 발생으로 일대 교통이 혼잡하오니 차량은 우회하여 주시고, 다른 교통수단을 이용하여 주시기 바랍니다.",교통
2022,12,23,8,14,은평구,"[은평구청]06:24분경 3호선 무악재역 선로 화재 발생으로 현재 3호선 약수역~구파발역 간 열차 운행이 중단되었으니, 다른 교통수단을 이용하여 주시기 바랍니다.",교통
2022,12,23,8,28,은평구,"[은평구청] 금일 08:28분 현재, 3호선 무악재역 선로 화재 발생이 복구되어 3호선 녹번역 등 열차 운행이 정상 재개되었음을 알려드립니다.",교통
2022,12,23,8,32,서대문구,[서대문구청] 오늘 06:24분경 3호선 무악재역 선로 화재 발생이 복구 완료되어 현재 열차 운행이 정상 운영되고 있음을 알려드립니다.,교통
2022,12,23,16,32,금천구,"[금천구청] 현재 한파주의보 지속중이며, 주말까지 강한 추위에 대비하여 가정내 보온유지, 난방기기 화재발생 유의, 미끄럼 사고 등 안전사고에 주의하시기 바랍니다.",한파
2022,12,23,17,0,강남구,"[강남구청] 한파특보 발효 중 주말까지 강한 추위가 예상되오니, 노약자 외출 자제, 수도관 동파 예방, 난방기 화재, 미끄럼 주의 등 안전에 유의하시기 바랍니다.",한파
2022,12,23,17,0,노원구,"[노원구청] 서울 동북권 주말 강추위가 예상됩니다. 각 가정 내 보온유지 및 수도계량기 동파에 유의하시고, 전열기 사용 시 화재에 주의하시기 바랍니다.",한파
2022,12,23,17,13,서초구,"[서초구청] 주말 강추위로 최저기온-13도 예상되오니, 야외활동을 자제하시고, 수도계량기 동파, 난방용품 화재, 미끄럼 사고 등 안전사고에 유의하시기 바랍니다.",한파
2022,12,23,17,29,양천구,[양천구청] 양천구 목동역에서 신정역 방면 상수도관 파열로 일부구간 교통을 통제하오니 통과 차량은 우회하시기 바랍니다.,교통
2022,12,23,17,54,강북구,"[강북구청] 주말 강추위가 지속될 것으로 예상되오니, 각 가정 내 보온유지 및 수도계량기 동파, 난방용품 화재, 미끄럼사고 등 안전에 유의하여 주시기 바랍니다.",한파
2022,12,23,18,19,도봉구,"[도봉구청] 주말 -15도 내외 강추위가 예상됩니다. 가정내 보온 및 수도계량기 동파에 유의하시고, 난방용품 화재, 미끄럼사고 등 안전사고에 주의하시기 바랍니다.",한파
2022,12,23,19,27,영등포구,"[영등포구청] 초강력 한파로 ""동파사고 급증""내일도 매서운 한파 지속됩니다. 헌옷 등으로 수도관/계량기 동파예방과 외출시 옷차림 단단히 하여 보온에 유의바랍니다",한파
2022,12,23,20,0,동작구,"[동작구청] 주말 강추위가 지속될 것으로 예상되오니, 각 가정 내 보온유지 및 수도계량기 동파, 난방용품 화재, 미끄럼사고 등 안전에 유의하여 주시기 바랍니다.",한파
2022,12,23,21,3,관악구,"[관악구청] 매서운 한파가 계속되고 있습니다. 보온에 각별히 유의하시고, 가급적 야외 활동 자제, 계량기 동파방지, 난방용품 화재에 주의하시기 바랍니다.",한파
2022,12,24,9,4,성북구,"[성북구청] 주말 강추위가 지속될 것으로 예상되오니, 각 가정 내 보온유지 및 수도계량기 동파, 난방용품 화재, 미끄럼사고 등 안전에 유의하여 주시기 바랍니다.",한파
2022,12,24,11,37,강북구,"[강북구청] 오늘 (24일)강추위가 지속되고 있습니다. 각 가정내 보온유지 및 수도계량기 동파, 난방용품 화재, 미끄럼사고 등 안전에 유의바랍니다.",한파
2022,12,24,14,26,강남구,"[강남구청] 한파주의보 발효 중 주말 내 강추위가 지속되고 있습니다 노약자 외출 자제, 가정 내 보온유지, 수도 동파 및 화재예방 등 안전에 유의하시기 바랍니다.",한파
2022,12,24,16,35,도봉구,"[도봉구청] 한파주의보로 주말 강추위가 지속됩니다. 가정내 보온 및 수도계량기 동파에 유의하시고, 난방용품 화재, 미끄럼사고 등 안전사고에 주의하시기 바랍니다.",한파
2022,12,24,17,32,강북구,"[강북구청] 연일 한파가 지속되고 있습니다. 외출시 방한복 착용, 도로결빙 낙상사고 및 고드름 등 낙하물 사고에 유의하시기 바랍니다.",한파
2022,12,25,6,55,강북구,[강북구청] 주말 추위가 지속되고 있습니다.가정 내 난방용품으로 인한 화재 및 수도계량기 동파에 유의하시고 미끄럼으로 인한 낙상사고에 유의하시기 바랍니다.,한파
2022,12,27,18,34,강북구,"[강북구청] 12.28.(수) 00시~09시 사이 1cm 내외의 눈이 예보되어 있으니, 가급적 대중교통을 이용하시고 미끄럼사고 등 안전에 유의하시기 바랍니다.",대설
2022,12,27,19,4,성북구,"[성북구청] 12.28.(수) 00시~09시 사이 1cm 내외의 눈이 예보되어 있으니, 가급적 대중교통을 이용하시고 미끄럼사고 등 안전에 유의하시기 바랍니다.",대설
2022,12,27,20,35,영등포구,"[영등포구청] 내일(28일, 수) 새벽부터 1cm 내외의 눈 예보가 있으며, 눈이 얼어 도로가 매우 미끄럽겠습니다. 출근길 보행과 차량운행 시 안전에 주의바랍니다",대설
2022,12,28,7,0,강북구,"[강북구청] 새벽부터 내린 눈과 영하의 기온으로 인해 도로 결빙이 우려되오니, 가급적 대중교통을 이용하시고 보행 시 미끄럼사고 등 안전에 유의하시기 바랍니다.",한파
2022,12,28,9,41,종로구,[종로구청] 코로나 재유행 대비 안전하고 효과적인 2가 백신 12세이상 동절기접종 적극 참여 바랍니다. (접종간격: 마지막 접종일 기준 3개월 후),전염병
2022,12,31,11,27,광진구,[광진구청] 아차산 해맞이 행사는 다중밀집 우려와 코로나 확산 예방을 위해서 취소되었으나 많은 인파 운집이 예상되어 사고우려가 있으니 안전에 유의하시기 바랍니다.,기타
2022,12,31,16,7,영등포구,[영등포구청] 안전한 새해맞이를 위하여 많은 인파가 밀집하는 해맞이 명소 방문을 자제해 주시기 바랍니다.선유교 통제안내 ☞ https://han.gl/PGlkT,교통
2022,12,31,20,0,종로구,"[종로구청] 제야의 종 타종행사 관련, 금일21:00부터 익일01:30까지 보신각 일대(종로, 우정국로, 남대문로)교통통제 예정입니다. 주변도로로 우회바랍니다.",교통
2022,12,31,21,15,종로구,"[종로구청] 제야의 종 타종행사 관련, 금일21:00부터 익일01:30까지 보신각 일대(종로,우정국로, 남대문로)교통통제 예정입니다. 주변도로로 우회바랍니다.",교통
2023,1,1,7,38,관악구,[관악구청] 현재 관악산에 해맞이 인파가 밀집되어 위험한 상황이므로 안전을 위하여 입산을 자제하시고 하산시 안전 및 질서유지에 유의하여 주시기 바랍니다.,기타
2023,1,1,8,1,관악구,[관악구청] 현재 관악산에 해맞이 인파가 밀집되어 위험한 상황이므로 안전을 위하여 입산을 자제하시고 하산시 안전 및 질서유지에 유의하여 주시기 바랍니다.,기타
2023,1,3,5,50,영등포구,[영등포구청]<<도림보도육교 통행 제한>>보도육교 기울어짐 발생으로 육교 및 하부 자전거도로·산책로를 전면 통제합니다. 이용하시는 주민께서는 우회 바랍니다.,교통
2023,1,3,14,21,종로구,[종로구청] 코로나 재유행 대비 안전하고 효과적인 2가 백신 12세이상 동절기접종 적극 참여 바랍니다. (접종간격: 마지막 접종일 기준 3개월 후),전염병
2023,1,3,19,14,영등포구,[영등포구청] 도림 보도육교 기울어짐 발생으로 육교 및 하부 자전거도로 등 전면 통제하오니 주민께서는 우회 바랍니다. 안내 ☞https://vo.la/1BoCG1,기타
2023,1,3,19,45,구로구,"[구로구청] 신도림역 인근 도림보도육교 및 하부 보행로, 자전거도로 등 전면 통제 유지 중으로 이용하시는 주민께서는 신도림교로 우회하여 통행하시기 바랍니다.",기타
2023,1,5,17,6,강북구,"[강북구청]23.1.7부터 선별진료소 운영시간 변경. 보건소 평일9~18시(12~13시중단), 주말9~13시, 구청13~21시(17~18시중단)☎1577-0922",전염병
2023,1,5,18,35,성북구,"[성북구청]23.1.7선별진료소 시간변경(보건소)평일,토9-18시/일 공휴일 미운영(구청)평일13-21시/일9-18시/토 공휴일 미운영02-2241-5271",전염병
2023,1,6,8,21,노원구,"[노원구청] 오늘 7:19경 공릉동 656-5 화랑대역 인근 묵동천변 난방배관 누수,수증기 발생. 복구공사중이나 안전 우려가 있으니 묵동천변 접근을 자제바랍니다.",기타
2023,1,6,8,44,중랑구,"[중랑구청] 오늘 7:19경 공릉동 656-5 화랑대역 인근 묵동천변 난방배관 누수, 수증기 발생. 복구공사중이나 안전 우려가 있으니 묵동천변 접근을 자제바랍니다",기타
2023,1,6,16,10,노원구,[노원구청]금일 16:00 공릉동 묵동천 인근 열수송관 누수 임시복구 및 난방·온수 공급재개. 추후 보강 공사 등 정상 복구 시까지 불편이 예상되니 양해바랍니다.,기타
2023,1,6,18,3,도봉구,[도봉구청] 1.6.(금) 저녁부터 1.7.(토) 아침까지 도봉구 전역에 1~5cm의 눈 예보가 있으니 눈치우기 및 외출시 빙판길 사고 등 안전에 유의 바랍니다.,대설
2023,1,6,18,14,노원구,"[노원구청] 1.6.(금) 저녁부터 우리구 관내 1~5cm 눈 예보가 있으니 내집 내점포 앞 스스로 눈치우기, 대중교통 이용 등 안전사고에 유의하시기 바랍니다.",대설
2023,1,6,18,20,강서구,"[강서구청] 금일 18시부터 내일 새벽까지 1cm 내외의 눈이 예보돼있어 대중교통을 이용해 주시고 내집, 내 점포 앞 눈치우기를 생활화하여 주시기 바랍니다.",대설
2023,1,6,18,20,성북구,[성북구청] 1.6.(금) 18시부터 1.7.(토) 09시까지 1~5cm의 눈 예보가 있으니 차량이용을 자제하고 가급적 대중교통을 이용하여 주시기 바랍니다.,대설
2023,1,7,15,0,광진구,"[광진구청] 12세 이상 동절기 코로나19 추가접종/마지막 접종일 기준 3개월 이후 접종 가능/사전예약 없이 의료기관 당일접종 가능☎02-450-7400,7090",전염병
2023,1,10,15,31,양천구,[양천구청] 신정4동 987-2 화재발생으로 도로가 혼잡하오니 인근 주민 및 차량은 우회바랍니다,교통
2023,1,13,8,59,중랑구,"[중랑구청] 금일 8:45경에 면목동에서 중화동 방면 동일로 지하차도(상봉동 118-19 옆) 복구가 완료되어, 차량 통제를 해제하오니 정상 운행하시기 바랍니다.",교통
2023,1,13,18,16,강남구,"[강남구청] 오늘 17:25경 역삼1동 테헤란로33길 일대에 정전 및 신호등이 마비되어 복구중에 있으며, 교통체증과 안전사고가 우려되오니 우회하시기 바랍니다.",교통
2023,1,13,19,6,강남구,"[강남구청] 역삼1동 테헤란로33길 일대 정전 및 신호등 마비 상황이 일부 복구 완료되었으며, 조속히 복구 예정입니다.",기타
2023,1,14,14,57,광진구,"[광진구청] 12세 이상 동절기 코로나19 추가접종/마지막 접종일 기준 3개월 이후 접종 가능/사전예약 없이 의료기관 당일접종 가능☎02-450-7400,7090",전염병
2023,1,14,18,0,도봉구,[도봉구청]1.14.(토) 저녁부터 1.15.(일) 밤까지 도봉구 전역에 1~3㎝의 눈 예보가 있으니 눈치우기 및 외출시 빙판길 사고 등 안전에 유의 바랍니다.,대설
2023,1,14,18,18,강북구,[강북구청] 1.14.(토) 저녁부터 1.15.(일) 밤까지 강북구 전역에 1~3cm 눈예보가 있으므로 눈치우기 및 외출시 빙판길 사고 등 안전에 유의 바랍니다.,대설
2023,1,14,21,35,성북구,[성북구청] 1.14(토) 저녁부터 1.15(일) 밤까지 성북구 전역에 1~3cm 눈예보가 있으니 눈치우기 및 외출시 빙판길 사고 등 [안전]에 유의 바랍니다.,대설
2023,1,15,12,58,성북구,"[성북구청] 오늘 18시 한파특보가 발효되어 영하의 기온으로 도로 결빙이 우려되니 가급적 대중교통 이용바라며, 계량기 동파ㆍ미끄럼 사고 등에 유의하기 바랍니다.",한파
2023,1,15,13,25,노원구,"[노원구청] 오늘 18시 한파주의보 발효. 노약자 외출자제, 건강유의, 동파방지, 화재예방 등 피해에 주의하시기 바랍니다.",한파
2023,1,15,13,43,강북구,"[강북구청] 오늘 18시 한파특보가 발효되어 영하의 기온으로 도로 결빙이 우려되오니 가급적 대중교통 이용바라며, 계량기 동파, 미끄럼 사고에 유의하시기 바랍니다.",한파
2023,1,15,14,11,중랑구,"[중랑구청]금일 18시부터 한파주의보가 발효됩니다. 수도계량기,보일러 동파방지를 위한 보온조치와 방한용품 착용, 빙판길 미끄럼 등 안전사고에 유의하시기 바랍니다.",한파
2023,1,15,14,24,광진구,"[광진구청] 금일 18시부터 한파주의보가 발효됩니다. 외출시 방한용품 착용해 주시고 빙판길 미끄럼, 수도계량기 동파예방 등 한파피해가 없도록 주의하시기 바랍니다.",한파
2023,1,15,14,48,동대문구,"[동대문구청]금일 18시 한파특보가 발효되어 영하의 기온으로 도로 결빙이 우려되오니,   미끄럼 사고 및 수도계량기 동파 등 안전에 유의하시기 바랍니다.",한파
2023,1,15,16,31,강남구,"[강남구청] 18시 한파주의보 발효, 밤사이 급격한 기온 강하 예상, 노약자 등은 야외활동을 자제해주시고, 동파 방지, 온열기 화재 등 안전에 유의하시기 바랍니다",한파
2023,1,17,9,35,금천구,[금천구청] 오늘 08:05 가산디지털1로 120 서울시립금천청소년 쉼터 앞 도로 지반 침하 발생. 1개 차선 통제중이오니 우회 및 안전에 유의바랍니다.,교통
2023,1,17,10,38,종로구,[종로구청] 코로나 재유행 대비 안전하고 효과적인 2가 백신 12세이상 동절기접종 적극 참여 바랍니다. (접종간격: 마지막 접종일 기준 3개월 후),전염병
2023,1,19,18,2,성북구,"[성북구청]설연휴 선별진료소 안내(보건소)1/21(9~18시),1/22~24(9~13시)(구청)1/21(휴무),1/22~24(13~21시)☎2241-5271",전염병
2023,1,20,7,47,강남구,[강남구청] 오늘 06:27경서울시 강남구 양재대로 478(개포동 599-2) 화재발생. 이 지역을 우회하여 주시고 인근 주민은 안전사고 발생에 유의 바랍니다.,기타
2023,1,20,14,41,광진구,"[광진구청] 설연휴 강추위가 예상되므로 각 가정에서는 외출전 수도, 보일러 동파방지를 위한 보온조치, 방한용품 착용, 빙판길 미끄럼 등 안전에 유의하시기 바랍니다",한파
2023,1,20,16,6,강북구,"[강북구청]설연휴 선별진료소 안내(보건소)9~13시, (구청)13~21시(17~18시중단), 코로나관련 진료의료기관 및 약국은 구청홈페이지 참고☎1577-0922",전염병
2023,1,20,18,17,영등포구,[영등포구청] 설연휴 강추위(한파 경보)가 예상됩니다. 외출전 수도·보일러 동파방지와 도로결빙에 따른 미끄럼 사고에 유의하시기 바랍니다.,한파
2023,1,20,18,22,강남구,"[강남구청] 설연휴 급격한 기온 강하가 예상되므로 각 가정에서는 외출 전 수도, 보일러 동파 방지 및 온열기 화재 예방 등 안전사고에 유의하시기 바랍니다.",한파
2023,1,20,20,3,성북구,"[성북구청] 설연휴 강추위가 예상되오니 각 가정에서는 수도, 보일러 동파 방지를 위한 보온조치 등 사전대비 활동과 빙판길 미끄럼 등 안전에 유의하시기 바랍니다.",한파
2023,1,21,15,0,광진구,"[광진구청]12세 이상 동절기 코로나19 추가접종/마지막 접종일 기준 3개월 이후 접종 가능/사전예약 없이 의료기관 당일접종 가능 ☎02-450-7400,7090",전염병
2023,1,23,10,57,성북구,"[성북구청] 오늘 21시 한파경보 발효. 가급적 야외활동 자제·보온 유지 바라며, 계량기 동파, 미끄럼 사고 및 화재예방 등 안전에 주의하시기 바랍니다.",한파
2023,1,23,11,10,강북구,"[강북구청]오늘 21:00부로 강북구 지역 급격한 기온하락으로 강추위 예상, 빙판길 미끄럼, 수도계량기 동파, 온열기기 화재 등 한파 피해에 주의하시기 바랍니다.",한파
2023,1,23,11,44,노원구,"[노원구청] 오늘 21시 한파경보 발효. 급격한 기온하락으로 강추위가 예상되오니 노약자 외출자제 건강유의, 동파방지, 화재예방 등 피해에 주의하시기 바랍니다.",한파
2023,1,23,11,48,도봉구,"[도봉구청]오늘 21시 한파경보 발효. -17℃ 내외 강추위가 예상됩니다. 건강관리, 화재, 수도 동파 등 안전에 주의하시기 바랍니다.(t.ly/fatj/)",한파
2023,1,23,12,0,관악구,"[관악구청]오늘 밤9시부터 기온 급강하 한파경보 노약자 보온 유지, 동상, 낙상방지 위해 야외활동 자제, 수도관 등 보온조치, 온열기 화재방지 등 주의 바랍니다.",한파
2023,1,23,12,4,강남구,"[강남구청] 21시 한파경보 발효, 최저기온 -17 체감온도 -25 강추위 예상, 노약자 야외활동 자제, 동파 방지, 온열기 화재 등 안전에 유의하시기 바랍니다.",한파
2023,1,23,12,30,영등포구,"[영등포구청] ""-17도, 최강 한파 온다"" 오늘 저녁 9시 한파경보 발효됩니다. 수도계량기 동파 및 온열기기 화재 예방과 외출시 안전에 각별한 주의 바랍니다.",한파
2023,1,23,12,37,동대문구,"[동대문구청] 오늘 밤부터 기온이 급격히 떨어져 강추위가 이어지겠으니 개인보온에 유의하시고 빙판길 미끄럼 주의, 수도계량기 동파예방 등 피해 없도록 대비바랍니다.",한파
2023,1,23,12,52,마포구,"[마포구청] 금일21시 한파경보 발효, 최저 -17 체감온도 -25 강추위 예상, 노약자 야외활동 자제, 동파 방지, 온열기 화재 등 안전에 유의하시기 바랍니다",한파
2023,1,23,13,2,동작구,"[동작구청] 오늘21시에 한파경보 발령예정으로 노약자 보온 유지, 동상, 낙상 방지 위해 야외활동 자제, 수도관 등 보온조치, 온열기 화재방지 등 주의 바랍니다.",한파
2023,1,23,14,7,강서구,"[강서구청] 금일 21시부로 한파 경보 발령 예정(최저기온-17도). 강추위로 인한 건강관리, 계량기 동파, 온열기기 화재 등 한파 안전사고에 유의하시기 바랍니다",한파
2023,1,23,14,12,용산구,"[용산구청] 오늘밤 21시 서울전역 한파경보 발효, 강추위가 예상되니 외출 자제, 빙판길 미끄럼 주의, 수도계량기 동파방지 등 안전사고에 유의하시기 바랍니다",한파
2023,1,23,14,44,광진구,"[광진구청] 오늘 밤부터 기온이 급격히 떨어져 강추위가 이어지겠으니 개인보온에 유의하시고 빙판길 미끄럼 주의, 수도계량기 동파예방 등 피해 없도록 대비바랍니다.",한파
2023,1,23,15,23,양천구,"[양천구청]오늘 21시 한파경보 발효. 기온이 급격하게 내려감에 따라 가급적 외출을 자제해주시고, 수도관 동파, 온열기 화재, 빙판길 낙상 등에 주의 바랍니다.",한파
2023,1,23,15,34,구로구,"[구로구청] 금일 21시 구로 전 지역 한파경보 발효 예정으로 개인 보온에 유의하시고 수도관 동파, 미끄럼 주의, 화재예방 등 안전에 주의해 주시기 바랍니다.",한파
2023,1,23,18,2,강북구,"[강북구청] 오늘 21시부로 급격한 기온하락으로 강추위가 예상되오니 노약자 외출자제 건강유의,동파방지, 화재예방 등 피해에 주의하시기 바랍니다.",한파
2023,1,23,20,24,은평구,"[은평구청] 금일 밤부터 강력한 한파가 시작되므로 야외활동 자제, 수도동파예방, 난방기기 사용 증가에 따른 화재 등 안전사고 및 피해예방에 유의하시기 바랍니다.",한파
2023,1,23,21,0,성동구,"[성동구청] 오늘 21시 성동구 전역 한파경보 발효. 내일 최저 -17도. 노약자 체온유지 및 야외활동 자제, 동파예방, 도로결빙 주의 등 안전에 유의 바랍니다.",한파
2023,1,23,22,2,용산구,"[용산구청] 현재 서울 전역에 한파경보 발효중이며 내일부터 주말까지 기온 급강하로 강추위가 예상되니 노약자 외출자제, 화재예방에 유의하시기 바랍니다.",한파
2023,1,23,23,22,금천구,"[금천구청] 한파경보 발효. 기온 급강하에 대비하여 가정 내 보온유지, 수도계량기 동파예방, 난방기 화재 등 안전사고에 주의하시기 바랍니다.",한파
2023,1,24,9,33,은평구,"[은평구청] 23일 21시부터 한파경보 발효중. 가급적 야외활동 자제 및 보온 유지 바라며 계량기 동파, 미끄럼 화재예방 등 안전에 주의하시기 바랍니다.",한파
2023,1,24,10,0,광진구,"[광진구청] 현재 -16도 광진구 전역 한파경보 지속. 노약자 체온유지, 야외활동 자제, 수도관 동파예방, 난방기 화재예방 등 안전에 주의하시기 바랍니다.",한파
2023,1,24,10,40,관악구,"[관악구청] 한파경보발효중. 최강한파 연일지속. 기온급강하 대비 노약자 보온유지, 동상 낙상방지 야외활동 자제, 수도관 보온조치 온열기화재 유의하시기 바랍니다.",한파
2023,1,24,11,39,동작구,"[동작구청]강한한파! 연일지속으로 가정 내 보온 유지,수도계량기 동파예방, 난방기 화재 등 안전사고에 주의하시기 바랍니다.",한파
2023,1,24,11,50,성북구,"[성북구청] 오늘 내일 성북구 전지역에 한파경보 발효. 가급적 외출을 자제하고 건강에 유의하며, 각 가정에서는 난방유지, 계량기 동파, 화재예방에 주의바랍니다.",한파
2023,1,24,13,39,양천구,"[양천구청]내일까지 영하권 강추위가 계속되니, 수도계량기 동파 사고, 외출시 도로결빙 등에 유의하시기 바랍니다.",한파
2023,1,24,14,3,강서구,"[강서구청] 기온 급강하로 인한 계량기, 수도관 동파 사고에 유의하시고 외출 시 방한용품 착용, 도로 결빙에 따른 감속 운행 등 안전사고에 유의하시기 바랍니다.",한파
2023,1,24,16,5,영등포구,"[영등포구청] 강한 한파가 지속되고 있습니다. 노약자 외출자제, 계량기 동파 예방, 전열기기 등 화재 주의와 내 주변의 어려운 이웃에 관심을 가져 주시기 바랍니다",한파
2023,1,24,16,38,강북구,"[강북구청] 강북구 지역 기온하락으로 강추위 지속중. 빙판길 미끄럼, 수도계량기 동파, 온열기기 화재 등 한파 피해가 없도록 안전에 유의하시기 바랍니다.",한파
2023,1,24,16,39,강남구,"[강남구청] 강남구 한파경보 발효 중, 한랭질환 예방을 위해 노약자 등은 야외활동을 자제해주시고, 수도 동파 및 온열기 화재 등 안전사고에 유의하시기 바랍니다.",한파
2023,1,24,17,2,노원구,"[노원구청] 노원구 지역 한파경보 지속 발효. 강추위에 따른 노약자 외출자제, 동파방지, 온열기기 화재예방 등 한파 피해가 없도록 안전에 유의하시기 바랍니다.",한파
2023,1,24,17,40,도봉구,"[도봉구청]한파경보 지속 발효. 체감온도 -24℃ 내외 강추위가 계속되오니 실내 적정온도를 유지하시고 한랭질환, 화재, 수도계량기 동파 등 안전에 주의 바랍니다.",한파
2023,1,24,18,15,광진구,[광진구청] 내일 아침 급격한 기온 강하가 예상되니 출퇴근시 방한용품 착용해주시고 도로결빙이 우려되니 미끄럼 주의 등 안전에 유의하시기 바랍니다.,한파
2023,1,24,18,25,마포구,"[마포구청] 현재 서울전역 한파경보 발효중. 가급적 야외활동 자제 및 보온 유지 바라며 계량기 동파, 미끄럼 화재예방 등 안전에 주의하시기 바랍니다.",한파
2023,1,24,19,43,은평구,"[은평구청] 한파 지속에 따른 노약자 등 야외활동 자제, 방한용품 착용, 수도계량기 동파 방지, 온열기 사용 급증으로 인한 화재사고 등에 유의하시기 바랍니다",한파
2023,1,25,18,7,광진구,"[광진구청] 연일 강추위로 인한 동파사고 예방을 위해 수도계량기, 보일러배관 등 보온조치바라며 동파신고는 동부수도사업소 02-3146-2600로 해주시기 바랍니다",한파
2023,1,25,18,14,성북구,"[성북구청] 내일(목) 새벽에 2~7cm 눈 예보가 있으니, 대중교통 이용, 보행시 미끄럼 주의, 내집·내가게 앞 눈 치우기에 적극 협조하여 주시기 바랍니다.",대설
2023,1,25,18,14,강서구,"[강서구청]내일 새벽부터 2~7cm 눈 예보에 따라 내 집, 내 점포 앞 눈치우기에 동참하여 주시고, 도로 결빙 우려로 출근길 대중교통을 이용하여 주시기바랍니다.",대설
2023,1,25,18,18,영등포구,"[영등포구청] 내일 새벽부터 많은 눈이 예상됩니다. 눈길 미끄럼 사고에 주의바라며, 대중교통 이용하기, 내집·점포 앞 눈치우기에 적극 동참하여 주시기 바랍니다.",대설
2023,1,25,18,35,강북구,"[강북구청] 내일(목) 새벽에 2~7cm 눈 예보가 있으니, 가급적 대중교통 이용, 보행시 미끄럼주의, 내집·내가게 앞 눈치우기에 적극 협조하여 주시기 바랍니다.",대설
2023,1,25,19,32,서초구,[서초구청] 1.26.(목) 새벽~오전 사이 낮은 기온에 강설(2~7cm)로 인해 골목길 결빙이 우려되니 출근길 대중교통 이용 및 통행안전에 유의하시기 바랍니다.,대설
2023,1,25,20,0,도봉구,"[도봉구청] 1.26.(목) 새벽부터 도봉구 전역에 2~7㎝의 눈 예보가 있으니 눈치우기, 대중교통 이용 및 외출 시 빙판길 사고 등 안전에 유의하시기 바랍니다.",대설
2023,1,25,20,10,광진구,"[광진구청] 내일 새벽 5시에서 오후 2시까지 광진구 전지역 대설 예보가 있으니 .내 집 내 상가 앞 눈 치우기, 빙판길 미끄럼 등 안전에 주의 바랍니다.",대설
2023,1,25,20,42,동작구,"[동작구청] 내일(목) 새벽에 2-7cm 눈 예보가 있으니, 내 집 내 상가 앞 눈 치우기, 빙판길 미끄럼 등 안전에 유의하시기 바랍니다.",대설
2023,1,26,7,12,강동구,"[강동구청] 서울 전역 강설에 따른 출근길 교통 혼잡 예상 되오니 대중교통 이용 및 미끄럼 사고유의. 내집, 내점포 앞 눈치우기에 적극 동참하여 주시기 바랍니다.",대설
2023,1,26,8,12,동작구,"[동작구청]서울 전역 강설에 따른 출근길 교통 혼잡 예상 되오니 대중교통 이용 및 미끄럼 사고유의. 내집, 내점포 앞 눈치우기에 적극 동참하여 주시기 바랍니다.",대설
2023,1,26,8,50,성동구,"[성동구청] 오늘 08시 10분 성동구 전역 대설주의보 발효. 대중교통 이용, 눈길 미끄럼 주의, 내집, 내점포 앞 눈 치우기에 적극 동참하여 주시기 바랍니다.",대설
2023,1,26,9,26,동대문구,"[동대문구청] 한파를 동반한 강설로 빙판길이 우려되니 미끄럼주의, 내집 내점포 앞 눈치우기에 동참하여 주시고, 가급적 대중교통 이용과 보행에 조심하시기 바랍니다.",대설
2023,1,26,10,15,영등포구,[영등포구청] 한파를 동반한 강설로 도로가 매우 미끄럽습니다. 외출시 낙상사고 주의와 내 집·점포 앞 눈치우기에 구민 여러분의 적극적인 동참을 당부드립니다.,대설
2023,1,26,16,35,동대문구,"[동대문구청] 금일 내린 눈으로 곳곳에 결빙이 우려되는 바, 어린이나 노약자께서는 외출을 자제하여 주시고 출퇴근길에는 가급적 대중교통을 이용해 주시기 바랍니다.",대설
2023,1,27,10,59,중랑구,"[중랑구청] 오늘 10시40분 한파주의보가 발표되었습니다. 외출을 자제하시고, 동파방지, 화재예방 등 피해없게 주의바랍니다.",한파
2023,1,27,13,49,동대문구,"[동대문구청] 금일 10시40분을 기하여 한파주의보가 발효됨에 따라 노약자 외출자제 및 건강에 유의하시고, 수도동파방지, 화재예방등 피해없도록 주의하시기 바랍니다",한파
2023,1,27,15,56,강북구,"[강북구청] 추운 날씨가 지속되며, 특히 내일 아침은 강추위가 예상되니 빙판길 미끄럼 사고, 수도계량기 동파, 온열기기 화재 등 한파 피해에 주의하시기 바랍니다.",한파
2023,1,27,16,11,노원구,"[노원구청] 오늘 내일 노원구 지역 한파주의보 발효. 노약자 외출자제, 계량기 보온조치, 온열기기 화재예방, 보행시 미끄럼 안전사고에 주의하시기 바랍니다.",한파
2023,1,27,17,30,동작구,"[동작구청] 추운 날씨가 지속되며, 특히 내일 아침은 강추위가 예상되니 빙판길 미끄럼 사고, 수도계량기 동파, 온열기기 화재 등 한파 피해에 주의하시기 바랍니다.",한파
2023,1,27,17,56,관악구,"[관악구청] 한파주의보 발효중. 내일까지 강추위 예상으로 노약자 보온유지, 야외활동 자제, 수도관 보온조치, 동상 및 낙상, 온열기화제 유의하시기 바랍니다.",한파
2023,1,27,18,8,성북구,"[성북구청]오늘 성북구 전 지역 한파특보 발효중. 강추위에 따른 노약자 외출자제, 동파방지, 온열기기 화재예방 등 한파 피해가 없도록 안전에 유의하시기 바랍니다.",한파
2023,1,27,18,11,도봉구,"[도봉구청] 금일 한파주의보 발효. 영하 12도의 강추위가 예상되오니 건강에 유의하시고 빙판길 미끄럼 사고, 화재예방, 수도동파 등 안전에 주의하시기 바랍니다.",한파
2023,1,27,19,59,은평구,"[은평구청]금일 13시부터 한파주의보 발효 중. 노약자 야외활동 자제, 수도계량기 보온조치, 난방기기 사용증가에 따른 화재예방 등 안전사고에 유의하시기 바랍니다.",한파
2023,1,27,21,10,영등포구,"[영등포구청] 한파특보 발효중 입니다. 내일까지 강추위가 예상되오니 노약자 야외활동 자제, 수도관 동파예방, 온열기기 화재예방 등 안전에 유의하시기 바랍니다.",한파
2023,1,28,14,55,광진구,"[광진구청]12세 이상 동절기 코로나19 추가접종/마지막 접종일 기준 3개월 이후 접종 가능/사전예약 없이 의료기관 당일접종 가능 ☎02-450-7400,7090",전염병
2023,1,29,14,27,동대문구,[동대문구청] 내일(30일)부터 일부시설을 제외하고 실내마스크 착용의무가 해제되나 코로나가 종료된것은 아니니 개인위생 강화 등 꾸준한 방역수칙 준수 부탁드립니다.,전염병
2023,1,29,15,41,성북구,"[성북구청] 내일(30일)부터 실내마스크 착용의무 해제. 단, 대중교통, 의료기관, 약국 등 착용의무유지. 코로나 방역수칙준수와 개인위생관리 철저 당부드립니다.",전염병
2023,1,29,18,50,성동구,"[성동구청]내일(30일)실내마스크 착용의무는 해제. 대중교통,의료기관,약국등 일부 착용의무 유지. 코로나예방을 위한 방역수칙과 개인위생관리는 지속적으로 필요합니다",전염병
2023,1,29,19,1,은평구,"[은평구청] 내일(30일)부터 실내마스크 착용의무 해제. 단, 대중교통, 의료기관, 약국 등 착용의무유지. 코로나 방역수칙준수와 개인위생관리 철저 당부드립니다.",전염병
2023,2,4,14,59,광진구,"[광진구청] 병원, 약국, 대중교통 등 실내 마스크 착용 의무, 그 외 실내는 착용 권고/코로나19 동절기 추가 예방접종 권장 ☎02-450-7400,7090",전염병
2023,2,6,11,52,동대문구,[동대문구청]금일 06~21시까지 미세먼지 비상저감조치가 발령됨에 따라 가급적 실외활동을 자제하시고 외출 시에는 보건용 마스크 착용 등 건강관리에 유의바랍니다.,기타
2023,2,6,18,14,동대문구,[동대문구청] 내일(7일) 06~21시까지 미세먼지 비상저감조치가 재발령됨에 따라 가급적 실외활동을 자제하시고 외출시 보건용 마스크 착용등 건강관리에 유의바랍니다,기타
2023,2,9,14,8,영등포구,"[영등포구청] 영등포8가 59-2, 신축 오피스텔 공사장에서 크레인 작업중, 고압선 단선으로 일대가 일시 정전되었습니다. 주민 여러분께서는 참고하시기 바랍니다.",기타
2023,2,11,15,15,광진구,"[광진구청] 병원, 약국, 대중교통 등 실내 마스크 착용 의무, 그 외 실내는 착용 권고/코로나19 동절기 추가 예방접종 권장 ☎02-450-7400,7090",전염병
2023,2,18,15,2,광진구,"[광진구청] 60세 이상 고령층과 면역저하자 동절기 코로나19 추가 예방 접종 권장/마지막 접종일 기준 3개월 이후 접종 가능☎02-450-7400,7090",전염병
2023,2,25,15,0,광진구,"[광진구청] 60세 이상 고령층과 면역저하자 동절기 코로나19 추가 예방 접종 권장/마지막 접종일 기준 3개월 이후 접종 가능☎02-450-7400,7090",전염병
2023,3,3,20,29,강남구,[강남구청] 오늘 19:55경 세곡동 74-4 인근 비닐하우스 화재 발생. 이 지역을 우회하여 주시고 인근 주민은 안전사고 발생에 유의 바랍니다.,기타
2023,3,4,15,0,광진구,"[광진구청] 60세 이상 고령층과 면역저하자 동절기 코로나19 추가 예방 접종 권장/마지막 접종일 기준 3개월 이후 접종 가능☎02-450-7400,7090",전염병
2023,3,11,15,0,광진구,"[광진구청] 60세 이상 고령층과 면역저하자 동절기 코로나19 추가 예방 접종 권장/마지막 접종일 기준 3개월 이후 접종 가능☎02-450-7400,7090",전염병
2023,3,12,21,0,성동구,"[성동구청] 오늘 21시 성동구 전역 한파주의보 발효. 내일 아침 급격한 기온하락이 예상되니 노약자 체온유지, 야외활동 자제, 도로결빙 등 안전에 유의 바랍니다.",한파
2023,3,12,21,44,동대문구,"[동대문구청] 금일 21시 한파특보가 발효되어 영하의 기온으로 도로 결빙이 우려되오니, 미끄럼 사고 및 수도계량기 동파 등 안전에 유의하시기 바랍니다.",한파
2023,3,18,15,0,광진구,"[광진구청] 60세 이상 고령층과 면역저하자 동절기 코로나19 추가 예방 접종 권장/마지막 접종일 기준 3개월 이후 접종 가능☎02-450-7400,7090",전염병
2023,3,19,17,15,성북구,"[성북구청]내일(3/20일)부터 대중교통 마스크 착용의무 해제. 단, 감염취약시설, 병의원, 약국(개방형제외)등 착용유지. 방역수칙준수, 개인위생 철저 당부드림",전염병
2023,3,19,17,41,성북구,"[성북구청]내일(3/20일)부터 대중교통 마스크 착용의무 해제. 단, 감염취약시설,병의원,약국(개방형제외)등 착용유지. 방역수칙준수, 개인위생 철저 당부드림",전염병
2023,3,29,10,16,강서구,[강서구청] 금일 강서구 발산역~마곡역 공항대로 집회로 인해 13:30~17:30 2개차선 도로 통제예정. 인근 주민 및 운전자는 안전에 유의하시고 우회바랍니다.,교통
2023,3,29,16,1,강북구,"[강북구청] 구청옆 주차장 임시선별진료소는 3/31(금)까지만 운영 후 종료, 보건소는 정상운영 평일9~18시(12~13시중단) 주말9~13시 ☎1577-0922",전염병
2023,3,31,7,53,중구,[중구청] 오늘 07:12경 서울 중구 을지로6가 18-21 굿모닝시티건물 내 점포 화재 발생. 굿모닝시티 내 계신 분은 신속 대피하여 주시기 바랍니다.,기타
2023,3,31,20,1,강북구,"[강북구청] 구청옆 주차장 임시선별진료소는 3/31(금)까지만 운영 후 종료, 보건소는 정상운영 평일9~18시(12~13시중단) 주말9~13시 ☎1577-0922",전염병
2023,4,2,12,43,종로구,[종로구청] 12:10경 서울 종로구 삼청동 산 2-27 인근 산불 발생. 입산을 자제하고 인근 주민과 등산객은 안전사고 발생에 주의하시기 바랍니다.,기타
2023,4,2,12,53,종로구,[종로구청] 오늘 11:53경  창의문로5가길 38 (부암로 362-5) 산불 발생. 입산을 자제하고 인근 주민과 등산객은 안전사고 발생에 주의하시기 바랍니다.,기타
2023,4,2,13,12,서대문구,[서대문구청] 오늘 11시 53분경 종로구 인왕산 부근 산불 발생하여 현재 서대문 개미마을 및 홍제2동 환희사로 확산 중이니 인왕산 진입금지 및 주민 대피바랍니다,기타
2023,4,2,14,55,은평구,"[은평구청] 인왕산(종로구 부암동 362-5) 산불 확산 중. 산불 발생지점 인근 주민과 등산객은 산불 발생에 유의하시고, 입산객은 신속히 하산하시기 바랍니다.",기타
2023,4,4,11,15,강서구,[강서구청] 금일 10:45경 서울시 강서구 마곡동 71-19 화재 발생하여 연기 확산 중. 이 지역을 우회하여 주시고 인근 주민은 안전사고 발생에 유의 바랍니다,기타
2023,4,4,11,32,강서구,[강서구청]금일 발생한 마곡동71-19 쓰레기집하장 인근은 주택가가 아니고 초진 완료되었음. 다만 연기 지속 발생중이므로 인근 주민들께서는 안전에 유의바랍니다.,기타
2023,4,4,14,26,영등포구,[영등포구청] 금일 오후 2시 30분 공군 특수비행팀의 ,기타
2023,4,4,23,3,은평구,"[은평구청] 현재 은평구 대조동87-89 일대 등 정전 발생으로 복구 중이며, 전기기기의 전원을 끄고 손전등을 사용하는 등 안전사고 발생에 유의하시기 바랍니다.",기타
2023,4,5,12,56,강남구,[강남구청] 세곡동 138-4번지 비닐하우스 단지 화재 발생. 화재진압 차량으로 교통정체 주변 차량은 우회하여 주시고 인근 주민은 안전사고에 유의바랍니다.,기타
2023,4,11,11,55,도봉구,"[도봉구청] 금일 계속되는 강풍으로 인해 중랑천변 수목 및 가로등 전도 등이 발생하고 있으니, 중랑천 이용 자제 및 안전사고에 유의해주시기 바랍니다.",기타
2023,4,11,12,17,도봉구,"[도봉구청] 금일 계속되는 강풍으로 인해 중랑천변 수목 및 가로등 전도 등이 발생하고 있으니, 중랑천 이용 자제 및 안전사고에 유의해주시기 바랍니다.",기타
2023,4,11,12,39,강북구,"[강북구청] 오늘 강풍이 지속적으로 발생하고 있으니, 시설물 점검, 낙하물 주의, 공사장 및 하천 등 위험지역 접근 금지, 야외활동 자제 등 안전에 유의바랍니다.",기타
2023,4,17,20,39,은평구,"[은평구청]오늘 20:30분경 은평구 진관동102 인근 야생멧돼지 출몰해 포획중에 있으니, 인근 주민들께서는 외출 자제하고 실외인 경우 건물내부로 피신 바랍니다.",기타
2023,4,17,21,19,은평구,[은평구청] 오늘 20:30분경 은평구 진관동102 인근 출몰한 멧돼지 20:50분경 포획 완료. 인근 주민들께서는 구파발천 등 이용에 참고하시기 바랍니다.,기타
2023,5,4,17,27,강북구,"[강북구청] 오늘(4일) 밤부터 강풍을 동반한 많은 비가 내릴 예정이오니, 하천변 접근을 자제하시고, 산사태 및 침수위험지역은 안전에 유의하시기 바랍니다.",호우
2023,5,4,18,6,금천구,"[금천구청] 오늘 저녁부터 6일 오전까지 60~100mm의 비가 올 것으로 예상되오니, 배수시설 점검 등을 실시하여 침수피해가 발생치 않도록 유의하시기 바랍니다.",호우
2023,5,4,22,48,도봉구,"[도봉구청] 오늘 밤(4일)부터 내일까지 강풍을 동반한 집중호우가 예보되어 있으니, 야외활동 자제, 낙하물 주의 등 안전사고에 유의하시기 바랍니다.",호우
2023,5,27,11,34,성동구,"[성동구청] 성수동(성덕정길 103) 상수도관 누수 발생. 현재 복구중으로 약 3시간 소요, 뚝도시장구길~아리수정수센터구간 교통통제 우회 바랍니다.",교통
2023,5,27,11,34,성동구,"[성동구청] 성수동(성덕정길 103) 상수도관 누수 발생. 현재 복구중으로 약 3시간 소요, 뚝도시장구길~아리수정수센터구간 교통통제 우회 바랍니다.",교통
2023,5,27,13,31,성동구,[성동구청] 성수동(성덕정길 103) 지역 상수도관 누수 13시 20분경 복구완료. 성덕정길 교통통제 전면 해제되어 정상 통행됩니다.,교통
2023,5,27,13,31,성동구,[성동구청] 성수동(성덕정길 103) 지역 상수도관 누수 13시 20분경 복구완료. 성덕정길 교통통제 전면 해제되어 정상 통행됩니다.,교통
2023,5,28,11,16,강북구,"[강북구청] 오늘(28일) 호우가 예보되어 있으니, 하천변 접근을 자제하시고, 산사태 및 침수위험지역은 안전에 유의하시기 바랍니다.",호우
2023,6,1,10,1,강북구,"[강북구청] 코로나19 6/1 시행 ①확진자격리(7일의무→5일권고) ②마스크착용 해제(병원, 입소형 감염취약시설 제외) ③입원치료비, 생활지원비, 유급휴가비 지원",전염병
2023,6,6,23,9,영등포구,[영등포구청] 당산2동 일부지역(당산동5가) 수도관 누수로 단수되었던 것은 23시부로 복구가 완료되었음을 알려드립니다.,기타
2023,6,11,13,53,노원구,"[노원구청] 대기 불안정으로 오늘밤까지 천둥번개를 동반한 기습호우가 예상됩니다. 야외활동 자제, 계곡, 하천, 저지대는 위험상황 발생 즉시 안전하게 대피바랍니다.",호우
2023,6,11,17,31,중랑구,"[중랑구청]대기 불안정으로 오늘밤까지 천둥 번개를 동반한 기습호우가 예상됩니다. 하천주변 및 저지대, 위험지역 통행자제등 안전에 각별히 유의바랍니다.",호우
2023,6,29,9,1,금천구,[금천구청] 금일 많은 비가 예상됨에 따라 피해 예방을 위하여 지하 주택 배수시설 및 물막이판 등을 점검하여 사전대비에 철저를 기하여 주시기 바랍니다.,호우
2023,6,29,9,2,노원구,[노원구청]금일 많은 비가 예상되니 중랑천 등 하천 통행 및 급경사지 등 위험지역 접근을 자제하고 반지하주택 거주자 안전사고에 유의 바랍니다.,호우
2023,6,29,9,55,중랑구,"[중랑구청] 금일 많은 비가 예상되니 주민분들께서는 상습침수 등 위험지역 대피, 외출자제 등 안전에 주의하시기 바랍니다.",호우
2023,6,29,11,11,금천구,"[금천구청] 계속되는 강우로 인해 배수불량으로 인한 피해가 없도록 주의하여 주시고, 침수 위험지역 및 지하주택 주민들께서는 안전에 유의하시기 바랍니다.",호우
2023,7,4,17,1,금천구,[금천구청] 금일 18:00시 호우주의보가 발효됨에 따라 많은 비가 예상되므로 지하주택의 배수시설 및 물막이판 등 사전점검에 철저를 기하여 주시기 바랍니다.,호우
2023,7,4,18,5,성동구,"[성동구청] 오늘 18시 호우주의보 발효. 중랑천,청계천,전농천 침수우려되어 하천변 출입을 전면 통제하오니 인근 주민께서는 신속히 대피바랍니다.",호우
2023,7,4,20,8,금천구,"[금천구청] 강한 비구름으로 집중호우가 예상되오니 자택 주변 배수시설, 축대 등 위험시설을 사전 점검해주시기 바랍니다.",호우
2023,7,4,20,14,관악구,"[관악구청]오늘밤부터 내일오전까지 많은 비가 예상됩니다.별빛내린천(도림천)출입을 전면 통제중이며,주민들께서는 폭우에 대비하여 안전에 만전을 기해주시기 바랍니다.",허우
2023,7,9,13,6,금천구,[금천구청] 서울지역에 호우주의보가 발효됨에 따라 피해 예방을 위하여 지하주택 등 취약지역에 대한 배수시설 점검 및 안전에 유의 바랍니다.,호우
2023,7,11,11,1,성동구,"[성동구청] 중랑천 수위 급격히 상슴함에 따라 중랑천, 전농천, 청계천 출입을 전면 통제하오니 인근 주민께서는 하천밖으로 신속히 대피바랍니다.",호우
2023,7,11,14,56,금천구,"[금천구청] 서울 지방에 호우주의보가 발효되어 많은 비가 예상되오니 절개지, 사면 등 산사태 위험지역, 지하주택에 대한 사전점검 등 안전에 유의하시기 바랍니다.",호우
2023,7,11,15,33,서초구,"[서초구청] 서초구에 강한비가 내리고 있으니 각별한 주의 부탁드립니다.특히 하천 주변, 저지대 도로 등 접근을 자제하여 주시기 바랍니다.",호우
2023,7,11,15,59,서초구,"[서초구청]서초구에 강한비가 내리고 있으니 각별한 주의 바라며,특히 맨홀역류 되는곳 및 강남역, 내방역, 사당역, 양재천, 반포천 등 저지대 접근 자제 바랍니다",호우
2023,7,11,16,12,도봉구,"[도봉구청] 오늘 16시 현재 도봉구 전역에 많은 비가 예상되오니 중랑천 등 하천변에 접근을 자제하시고, 반지하 등 침수우려지역은 안전에 유의하시기 바랍니다.",호우
2023,7,11,16,26,용산구,"[용산구청] 현재 많은 비가 내리고 있습니다. 빗물받이 및 맨홀 주변 등 침수 위험지역에 접근을 삼가하시고, 저지대 침수 예방에 협조하여주시기 바랍니다.",호우
2023,7,11,17,12,동대문구,"[동대문구청] 현재 동대문구 전역에 많은 비가 내리고 있으니 중랑천, 정릉천, 성북천 등 하천변 접근을 자제하시고, 반지하 등 침수우려지역은 안전에 유의바랍니다.",호우
2023,7,11,18,6,송파구,"[송파구청] 2023년17시50분부로송파구산사태주의보발령. 마천동(천마공원) 인근 지역 방문을 자제, 이지역을이용할경우우회도로를 이용하는등 안전 사고 발생에 유의",산사태
2023,7,11,18,11,성동구,[성동구청] 오늘 17시경 하왕십리동1061 왕십리풍림아이원 아파트 101동 뒤 석축 조경석 이탈 발생. 이 지역 통행시 각별히 주의하시고 가급적 우회 바랍니다.,기타
2023,7,11,18,11,성동구,[성동구청] 오늘 17시경 하왕십리동1061 왕십리풍림아이원 아파트 101동 뒤 석축 조경석 이탈 발생. 이 지역 통행시 각별히 주의하시고 가급적 우회 바랍니다.,기타
2023,7,11,18,11,성동구,[성동구청] 오늘 17시경 하왕십리동1061 왕십리풍림아이원 아파트 101동 뒤 석축 조경석 이탈 발생. 이 지역 통행시 각별히 주의하시고 가급적 우회 바랍니다.,기타
2023,7,11,18,11,성동구,[성동구청] 오늘 17시경 하왕십리동1061 왕십리풍림아이원 아파트 101동 뒤 석축 조경석 이탈 발생. 이 지역 통행시 각별히 주의하시고 가급적 우회 바랍니다.,기타
2023,7,11,18,11,성동구,[성동구청] 오늘 17시경 하왕십리동1061 왕십리풍림아이원 아파트 101동 뒤 석축 조경석 이탈 발생. 이 지역 통행시 각별히 주의하시고 가급적 우회 바랍니다.,기타
2023,7,11,18,11,성동구,[성동구청] 오늘 17시경 하왕십리동1061 왕십리풍림아이원 아파트 101동 뒤 석축 조경석 이탈 발생. 이 지역 통행시 각별히 주의하시고 가급적 우회 바랍니다.,기타
2023,7,13,10,19,금천구,"[금천구청] 서울 지방에 호우주의보가 발효되어 많은 비가 예상되오니 절개지, 사면 등 산사태 위험지역, 지하주택에 대한 사전점검 등 안전에 유의하시기 바랍니다.",호우
2023,7,13,10,32,금천구,"[금천구청] 오늘 낮부터 강한 비가 예상되니 하천변 산책로, 반지하 주택 등 침수발생 시 즉시 안전한 곳으로 대피하여 주시기 바랍니다.",호우
2023,7,13,13,45,중랑구,"[중랑구청] 집중호우로 현재 중랑천, 묵동천 출입통제중이며, 18시 이후 봉화산동행길, 용마산자락길 폐쇄 예정으로 산림 주변 접근 자제 등 안전에 유의 바랍니다.",호우
2023,7,13,14,2,서초구,"[서초구청] 서초구에 강한비가 예상 되오니 각별한 주의 부탁드립니다.특히 강남역, 내방역, 사당역, 양재천 및 반포천 등 저지대 접근 자제 바랍니다.",호우
2023,7,13,14,38,서초구,"[서초구청] 서초구에 많은 비가 예상되오니 산림(청계산, 우면산 등) 주변 야외활동 및 입산 자제 바라며, 안전에 유의하시기 바랍니다.",호우
2023,7,13,14,44,금천구,"[금천구청] 지속적인 강우로 인해 지반이 약해진 상태입니다. 산사태, 절개지 및 축대 등 위험지역 인근 주민께서는 안전에 유의해 주시기 바랍니다.",산사태
2023,7,13,16,31,용산구,"[용산구청]오늘밤부터 많은 비가 예상되오니, 맨홀 주변 접근을 삼가시고 반지하주택 등 침수 취약지역은 피해예방 및 안전에 유의하시기 바랍니다.",호우
2023,7,13,17,52,금천구,[금천구청] 오늘 밤부터 내일까지 많은 비가 예상됨에 따라 지하 주택 배수시설 및 물막이판 등을 점검하여 사전대비에 철저를 기하여 주시기 바랍니다.,호우
2023,7,13,19,17,중랑구,"[중랑구청] 내일까지 많은 비가 예보되어 주민분들께서는 배수시설 등을 확인하여 피해 없도록 주의 바라며, 반지하 주택 침수 발생 즉시 대피하여 주시기 바랍니다.",호우
2023,7,14,0,39,마포구,[마포구청] 금일 호우경보로 아침까지 많은 비가 예상되오니 하천출입을 금지하고 반지하주택에서는 하수구 역류나 바닥에 물이 차면 즉시 지상으로 대피해 주세요.,호우
2023,7,14,7,23,서초구,[서초구청]한강수위 상승으로 오전 8시경 반포·잠원·신잠원나들목 긴급 폐쇄 예정. 반포·잠원한강공원 이용 주민은 신속히 한강공원 밖으로 이동해 주시기 바랍니다.,홍수
2023,7,14,10,35,강서구,[강서구청] 한강 수위 상승으로 개화나들목 교통통제 / 올림픽대로 진출입 불가 / 차량 침수 주의,교통
2023,7,17,8,7,강서구,[강서구청] 한강 수위 상승으로 개화나들목 교통통제 / 차량 침수 주의,교통
2023,7,21,17,18,광진구,"[광진구청] 최근 울산, 대전 등에서 해외우편물 개봉으로 피해 사례가 발생, 출처가 불분명한 해외우편물은 열지 마시고 112나 119에 즉시 신고하시기 바랍니다.",기타
2023,7,21,20,53,용산구,[용산구청] 중국 대만발 유해물질로 의심되는 해외 우편물(소포형태)을 수령하신 용산구민은 개봉하지 말고 즉시 112 또는 119로 신고하여 주시기 바랍니다.,기타
2023,7,21,21,4,동대문구,[동대문구청] 조금전 관내에서도 출처가 불분명한 해외우편물 수령신고가 있었습니다. 의심스러운 해외우편물은 열지마시고 즉시 112나 119에 신고바랍니다.,기타
2023,7,22,16,3,도봉구,"[도봉구청] 저녁부터 많은비가 예상되오니, 중랑천, 우이천, 도봉산, 초안산 등 위험지역에 접근하지 마시고, 반지하 등 침수위험지역은 각별히 주의하시기 바랍니다",호우
2023,7,22,21,11,성동구,"[성동구청] 오늘 밤~내일 오후까지 집중호우가 예보되어 중랑천, 전농천, 청계천 출입을 전면 통제하오니 인근 주민께서는 하천 밖으로 신속히 대피 바랍니다.",호우
2023,7,22,21,35,금천구,"[금천구청] 내일 새벽부터 많은 비가 예상되오니 절개지, 사면 등 산사태 위험지역, 지하주택에 대한 사전점검 등 안전에 유의하시기 바랍니다.",호우
2023,7,23,7,19,금천구,[금천구청] 7월 23일 06:00부로 호우주의보가 발효됨에 따라 피해 예방을 위하여 배수시설 점검 및 침수취약지역 주민들의 각별한 유의 바랍니다.,호우
2023,7,23,8,52,서초구,"[서초구청] 금일 서초구에 많은 비가 예상되어, 하천변, 저지대, 산림(우면산,청계산 등) 접근을 자제하시고 침수, 붕괴우려시 안전한 장소로 대피하시기 바랍니다.",호우
2023,7,30,18,28,관악구,"[관악구청] 현재 호우주의보가 발효중입니다. 별빛내린천에 접근하지 마시고, 저지대 주택은 배수시설 점검 등 안전에 유의 하시기 바랍니다.",호우
2023,7,30,19,2,금천구,[금천구청] 호우주의보 발령으로 국지성 소나기가 내리고 있어 지하주택 등 침수 취약지역 배수시설 사전점검 바랍니다.,호우
2023,7,30,19,20,동작구,[동작구청] 19:20 현재 국지성 호우가 지속되고 있습니다. 현충원 앞 동작 지하차도 와 같은 지하차도 통행에 유의해 주시고 되도록 우회하시기 바랍니다.,호우
2023,7,30,20,3,마포구,"[마포구청] 19시경 서울지역 국지성 호우로 많은 비가 내리고 있으니, 가급적 외출 자제 및 하천 주변 출입금지 등 안전에 유의하시기 바랍니다.",호우
2023,8,6,15,38,마포구,[마포구청] 금일 현재 마포구 지역의 고온의 날씨로 낮시간에는 가급적 야외활동을 자제해 주시고 충분한 물을 마시기 바랍니다.,폭염
2023,8,9,13,22,금천구,"[금천구청] 태풍이 북상 중으로 많은 비가 예보되어 있으니, 강풍에 대비한 시설물 및 배수시설 등을 점검하여 사전대비에 철저를 기하여 주시기 바랍니다.",태풍
2023,8,9,16,3,마포구,[마포구청]금일 북상중인 태풍 카눈으로 인해 17시부터 기상특보 해제시까지 관내 등산로를 전면 통제합니다. 인근 주민 및 등산객께서는 안전에 유의바랍니다.,태풍
2023,8,9,16,40,관악구,"[관악구청] 태풍이 북상하고 있습니다. 빗물받이 덮개 제거, 간판 및 창문 등을 단단히 고정하시고, 별빛내린천과 관악산 등 위험지역 접근을 삼가하시기 바랍니다.",태풍
2023,8,9,17,31,강서구,"[강서구청] 태풍 카눈 북상에 따라 금일 18:00부터 산림이용을 통제하오니 산사태 뿐만 아니라 간판, 전력설비 등 시설물 낙하 안전사고에도 유의하시기 바랍니다.",태풍
2023,8,9,17,46,금천구,"[금천구청] 태풍 북상으로 강한 바람과 호우가 예상됩니다. 축대, 배수로 등을 사전 점검하시고 강풍에 대비하여 간판, 창문 등은 미리 고정해 주시기 바랍니다.",태풍
2023,8,9,18,7,용산구,"[용산구청] 6호 태풍 카눈 호우·강풍 대비, 간판 등 낙하물 주의, 매봉산 입산 금지, 배수 점검, 외출 자제, 쓰레기 배출 자제 등 안전에 유의바랍니다.",태풍
2023,8,9,19,36,강서구,"[서울시 강서구청] 태풍이 북상 중으로 많은 비와 강풍이 예보되어 있으니, 저지대 지역은 침수방지시설 등을 점검하는 등 사전대비에 철저를 기하여 주시기 바랍니다.",태풍
2023,8,9,20,3,성동구,"[성동구청] 태풍 카눈 북상중. 오늘 22시부터 성동구내 등산로, 중랑천,청계천 등 하천변 출입 통제. 태풍 피해발생시 02-2286-6150 신고바랍니다.",태풍
2023,8,10,6,56,양천구,"[양천구청]태풍 ‘카눈’ 북상에 따라 강풍 대비 창문, 간판 등 고정, 시설물 낙하주의, 하천변 등 야외활동 위험지역 접근을 삼가시기 바랍니다.",태풍
2023,8,10,8,47,중랑구,"[중랑구청] 태풍 특보로 금일 9시 이후 봉화산,용마산,망우산,구릉산 등산로 폐쇄(특보 해제 시 까지)산림 주변 야외활동 자제 등 안전사고에 유의하시기 바랍니다.",태풍
2023,8,10,8,55,관악구,"[관악구청] 오늘 09시부터 서울지역 태풍주의보 발효. 주민들께서는 외출 자제하시고 창문 고정, 시설물 낙하 주의, 전기설비 접근을 금지해주시기 바랍니다.",태풍
2023,8,10,9,3,구로구,"[구로구청]태풍특보로 금일 9시 이후 개웅산, 천왕산, 매봉산, 와룡산, 능골산 등 주요 숲길폐쇄(특보 해제시 까지), 야외활동 자제 등 안전사고에 유의바랍니다.",태풍
2023,8,10,9,17,관악구,[관악구청] 제 6호 태풍 ‘카눈’이 북상함에 따라 등산 중 안전사고 우려가 있어 기상특보 해제 시까지 숲길·둘레길 이용을 통제하오니 협조를 부탁드립니다.,태풍
2023,8,10,10,4,도봉구,"[도봉구청] 태풍 카눈 북상으로 중랑천, 우이천, 도봉산, 초안산, 쌍문공원 등 위험지역을 통제하고 있으니 접근하지 마시고 안전사고에 유의하시기 바랍니다.",태풍
2023,8,10,10,7,금천구,[금천구청] 태풍 북상으로 많은 비와 강풍이 예상됩니다. 안양천 수위상승으로 산책로 및 자전거도로를 통제하오니 진입을 삼가주시기 바랍니다.,태풍
2023,8,10,15,34,금천구,"[금천구청] 태풍이 북상 중으로 많은 비와 강풍이 예상되오니 외출을 자제하여 주시고 특히 하천출입 금지, 배수점검 등 안전에 유의하여 주시기 바랍니다.",태풍
2023,8,10,19,27,동작구,"[동작구청] 태풍<카눈>에 따른 강풍으로 산림 내 수목 전도 등이 우려되오니 국사봉, 까치산, 서달산 출입을 금하여주시기 바랍니다.",태풍
2023,8,22,17,25,관악구,"[관악구청] 관악구 지역에 집중호우가 예상됩니다. 주민들께서는 별빛내린천 등 위험지역의 접근을 금지하시고, 배수로 정비, 물막이판 설치 등 사전 준비바랍니다.",호우
2023,8,22,17,51,금천구,[금천구청] 오늘 밤부터 내일까지 많은 비가 예상됨에 따라 피해 예방을 위하여 지하주택 배수시설 및 물막이판 등을 점검하여 대비에 철저를 기하여 주시기 바랍니다.,호우
